0.0,0.0,0.0,0.0,0.0,0.0,0.0,0.0,0.0,0.0,0.0,0.0
9.24910234800791e-6,9.249026699853502e-6,9.24902669974248e-6,9.249026699853502e-6,9.249026698965324e-6,9.249102347230753e-6,9.249102346675642e-6,9.249026697299989e-6,9.249026697188967e-6,9.249026697188967e-6,9.249026696578344e-6,9.249102345565419e-6
7.777295526251171e-5,7.776690198457725e-5,7.776690203886716e-5,7.776690203903369e-5,7.776690161731548e-5,7.777295489502789e-5,7.777295452754407e-5,7.776690051464197e-5,7.77669005690429e-5,7.776690056893187e-5,7.776690014710264e-5,7.777295416022678e-5
0.0002805844281825731,0.0002804804513550918,0.0002804804624476076,0.00028048046245421343,0.00028048043413025914,0.0002805844109514122,0.0002805843937045416,0.0002804803824084656,0.00028048039351102894,0.0002804803935174127,0.00028048036516969965,0.00028058437645944734
0.000678266666946814,0.0006778498407032374,0.0006778498912186071,0.0006778498164722313,0.0006778496769439535,0.0006782666023940065,0.0006782665976567959,0.0006778495709638954,0.0006778496507252041,0.0006778496210815277,0.0006778496591372529,0.0006782665506907537
0.00127879558163968,0.0012773173937108973,0.0012773172946949352,0.0012773169228575965,0.0012773168028786253,0.0012787956764557795,0.001278794842551556,0.001277315825530645,0.0012773153319097785,0.0012773155887656484,0.0012773162128275617,0.001278794984952647
0.0020218748349604687,0.0020190999621181316,0.0020190997046739545,0.002019098416701004,0.002019098129807384,0.002021874500105103,0.002021872418465964,0.0020190943616256174,0.0020190915215050897,0.002019091592296962,0.00201909428355046,0.0020218717929817442
0.0027805503720783054,0.0027734001495478555,0.002773401475055337,0.0027733977809847876,0.002773395755703123,0.002780550751963151,0.002780543219477627,0.0027733862769328543,0.0027733805484620455,0.002773381138099884,0.0027733858786105348,0.0027805429978228213
0.003415697841019527,0.003402719475179783,0.0034027263391976925,0.0034027176892337807,0.0034027094865680674,0.0034156965658935223,0.0034156778610089367,0.0034026782318391513,0.003402664874596506,0.0034026656372676545,0.0034026779252807615,0.0034156746750008127
0.00381110581099392,0.0037870307794795055,0.0037870637721909017,0.0037870501828636827,0.0037870177290104667,0.003811105388152991,0.003811073587252134,0.0037869651402158144,0.003786968672837232,0.003786968588332218,0.0037869640039823182,0.003811068719441313
0.003951878066531245,0.003915879990161242,0.003915963050912907,0.003915942539432726,0.0039158613781311025,0.003951872387944089,0.003951824931806347,0.00391576321515269,0.003915801106048333,0.003915804322195515,0.003915771103929266,0.003951821144130729
0.0039229845840002,0.0038728426160447027,0.003873039414411139,0.0038730202193643093,0.0038728334414979138,0.00392298445674194,0.003922927725508174,0.0038727049809264558,0.003872863084673772,0.0038728678656534954,0.0038727174991060043,0.003922929778196194
0.003925836083708278,0.0038666507853899468,0.00386700815749208,0.003866988703997265,0.0038666439522674345,0.00392582556093557,0.003925785951479188,0.0038665070493529297,0.0038668408815756283,0.0038668521180429405,0.003866537188524699,0.003925797495178185
0.004193491670617333,0.004129337436809433,0.004129924779497474,0.00412991916432448,0.004129350184675584,0.004193492441113722,0.004193451191761066,0.00412919614404661,0.004129791125952964,0.004129806914320244,0.004129233432196233,0.004193482332308485
0.004938582140745884,0.004877273372580149,0.0048780872289203026,0.004878077526397795,0.004877276570406708,0.004938552556811582,0.00493857744510473,0.004877183527685847,0.004878029677264806,0.0048780488065544025,0.00487721947502312,0.004938590690625855
0.00623742807675598,0.006175876402546354,0.006176891777523785,0.006176889293651122,0.0061758818998999265,0.006237416907130755,0.006237385683097396,0.006175702486562795,0.006176747957585771,0.006176772651238671,0.0061757392434909075,0.006237420445179054
0.008015842485560531,0.00794461683675629,0.00794571937931482,0.007945602783858252,0.007944529893847196,0.008015699271899934,0.008015731734168141,0.00794428057224461,0.007945383271893536,0.007945544490848722,0.007944530032320096,0.008015854477113504
0.010009126086956088,0.00989705340143493,0.009898315657523526,0.009898136032416516,0.009896680032989214,0.010008802937066519,0.010008766160708393,0.009896232136380245,0.009897536161445841,0.009897806517648933,0.00989682347586085,0.01000902749469107
0.011878167933734085,0.011689429978884447,0.011691096394518374,0.011690946818671444,0.01168882963777651,0.011877703670008732,0.011877625666008473,0.01168852097160078,0.011690357432631027,0.011690707031540626,0.01168929797874596,0.011878185246435025
0.013271507082624256,0.012961645360013263,0.012964060586878101,0.012963684026819466,0.012960200292400414,0.013270592125471159,0.01327065052701848,0.012960734466463564,0.012964005344025753,0.012964398466559723,0.012961665157568747,0.013271679082313192
0.014002196351891205,0.013549564017564242,0.013553844653594604,0.013553556323014138,0.013547765790279664,0.014000861224367445,0.014001162330701478,0.013548820445528797,0.013554661837215931,0.013554944217978315,0.013549868943644516,0.014002268221008085
0.01409493507309878,0.013503926397107624,0.013511819608036324,0.013511028299308059,0.013501843013833836,0.014093195886173304,0.014094028437072637,0.013503683839013347,0.0135133481787032,0.01351273940861586,0.013504117260107362,0.014094853112158579
0.013838438676698983,0.013161303779145261,0.01317487686645663,0.013173846562298863,0.013159716438883251,0.013836507691110778,0.013837797327396428,0.013161511652717395,0.013176400572612879,0.013174976852122877,0.013161422511431375,0.013838148985127807
0.013685637624608393,0.013002973502256543,0.013022326183976363,0.013020885738398602,0.01300148632310727,0.013683915327224405,0.013685366366501639,0.013003200139686255,0.013023133267525355,0.013021750165040702,0.013002621811629866,0.013685046209046037
0.014118371603992763,0.01352117626325866,0.013545732549860356,0.013544808445343004,0.013520740516705876,0.014117397670873277,0.014118745501250196,0.01352111575168452,0.013545331450215858,0.013544713914770135,0.013520522258266887,0.014117662545434173
0.015455241586133983,0.014991009301098035,0.015016085752191044,0.015015544568075523,0.014990392251503448,0.015455236781257264,0.015455742156855634,0.01499010593732536,0.015014467894174488,0.015015188960786463,0.014989636846256427,0.015454561721388094
0.017442739365467252,0.01708137028933454,0.01710338944594103,0.01710363440203405,0.017081216208667427,0.017443261007783817,0.017443059401948346,0.017079483946589757,0.017100637895621384,0.01710244044940501,0.017079921244783802,0.017441781456491556
0.019456754561471057,0.019096011117751166,0.019109482859480553,0.019109568458251847,0.019095213916396347,0.019457206182794506,0.01945646664469758,0.01909275925285453,0.019105931555365996,0.019108543627499752,0.019094462732924478,0.019455649173310774
0.020838786157047984,0.020336233049474295,0.020341232846048274,0.020341080954874635,0.020335230741258092,0.020839489770561714,0.02083830078819504,0.020332992019286955,0.020338076138900485,0.02034002729515283,0.020335166155627304,0.02083860865004361
0.021203408212495833,0.020441975206741625,0.020439652063930724,0.02043833418569546,0.02043891592583541,0.021203167707415427,0.021202565148848163,0.02043971740399031,0.02043826253514125,0.02043918276657597,0.020440480723926846,0.021203473156189367
0.020465817760171867,0.01940370164151839,0.019403911782135408,0.01940288040016741,0.019401774392547755,0.02046569424595307,0.020465067226677236,0.019402994734564805,0.019404451021554525,0.019403811364928025,0.019403563000463586,0.020467254834570348
0.018982426283832676,0.017698858641669646,0.017709144723532966,0.0177069424569144,0.017695724067079643,0.01898168980588455,0.018982013976178824,0.01769993399256542,0.01771108428085344,0.017708787314327956,0.01769863795102483,0.018983955600032687
0.01728431860177565,0.015948637242655606,0.015980172475126786,0.015979361964134187,0.015948697014164737,0.017283497678632576,0.017284761625109724,0.01595127775855798,0.01598196754992265,0.01597968680477213,0.01595041664101049,0.017285804340446798
0.01604166395204154,0.01487954420237042,0.014930734537961787,0.014929609068392913,0.014879959894798012,0.016040501604003776,0.01604264768375019,0.014882468775843816,0.014931972718069286,0.014930243562088219,0.014881075770436014,0.016041879336757436
0.01568929267328034,0.01487885571679215,0.014945687208500202,0.014946827257364848,0.014882017642816048,0.015687834102780462,0.01569059876847556,0.014881281794803136,0.014945236717293586,0.014945540660886714,0.014881572006757382,0.01568822305444284
0.01643917390114158,0.016060161930300798,0.016123504697730384,0.016124454486263595,0.016061846802247703,0.01643756723962736,0.016439911320483613,0.016060767404493914,0.016122120591814615,0.016123376284216617,0.016060631947288795,0.016436578760674836
0.018067217582667716,0.018032010382831865,0.01807670379615578,0.018079948982199,0.01803440562120817,0.018065787736118166,0.018067489904882827,0.018030666079320135,0.018073772187332304,0.018077657532484248,0.018032396105182702,0.01806424689738073
0.020152340639788824,0.020245919893317088,0.020253834029728024,0.020254340603514054,0.020244175023135913,0.02015103907618765,0.02015151093098183,0.0202421500294781,0.02025068390073148,0.020254029192086187,0.020243438149359805,0.02014937409920098
0.022048256696793223,0.021960135356404176,0.02192800744109147,0.02192920380554242,0.021957714489453106,0.022048553992885023,0.022047069265743124,0.02195530220456976,0.021925839253245927,0.02192922241520595,0.021957330504986716,0.022047724941623548
0.02328066338438811,0.02274007257496552,0.022674336631494985,0.022671464319368728,0.022733384062567863,0.02328064649394057,0.023279132227234878,0.02273539703645827,0.022674551111383168,0.022674005488381166,0.02273465070926478,0.02328053322605045
0.023483280336901113,0.022315574488381784,0.02224379933934767,0.02224176978106146,0.02231143093314364,0.02348492007216163,0.023482040694213502,0.022312438257800604,0.022244392100719268,0.022244037620097856,0.02231340182213387,0.0234860349143311
0.022729693307474597,0.020973477779288263,0.020924028468233546,0.02091982240823137,0.02096891278880303,0.02273030816906063,0.02272900222791352,0.020973248585793525,0.02092533974824523,0.020923376226593682,0.020971324982899053,0.022731222887893365
0.021272853581753848,0.019131196948683482,0.019137510705120153,0.01913613137836545,0.019132244124485664,0.021274328273480025,0.021272919391803424,0.019133419905708327,0.019138741365636147,0.019137503584798488,0.019133575142852688,0.021275502309712757
0.019678753200848886,0.017522414146216303,0.017597543949092853,0.017596495225232545,0.017523613497690327,0.019678218761274235,0.019679513528960413,0.01752671858645727,0.017599076302255823,0.017596796743763465,0.017524357154499626,0.01967876136510399
0.018450587580587374,0.016651817343168007,0.016794383050432682,0.01679609784087288,0.016656869871967517,0.018449446913026524,0.018451472770038058,0.016656899063606956,0.016795340534569103,0.01679426676642476,0.01665630276624519,0.018450022851722703
0.018056968236206505,0.016929792517180076,0.017109729790778627,0.01711132468861143,0.01693277058512166,0.018053989595130215,0.018057896372945637,0.01693421766534492,0.01710966625181548,0.017108797245757645,0.016931503156049355,0.018053929280542613
0.018638444919385266,0.018275896959187854,0.018448649768612158,0.01845158118654544,0.01827882278202353,0.018635640409972842,0.018638441255747207,0.018277624525028124,0.018447633229254246,0.018447945146426392,0.018277065043852736,0.018635902981459673
0.020115422918991654,0.020404683106000743,0.020519124598649796,0.02052063947414634,0.02040320365157766,0.020112287693205,0.020114858744638864,0.02040381888852011,0.020516693350813908,0.02051769165042988,0.02040153799875838,0.02011169735233098
0.022095185786138838,0.022677441791835673,0.022693293709365014,0.022693363980437198,0.02267398424369721,0.022093013595203048,0.022093763970757907,0.022673941491269223,0.022689679725290623,0.02269137778624175,0.022673658476175196,0.02209330324509018
0.024098673727137643,0.02452557426950608,0.02442956041104466,0.024428941540492632,0.02452002728550512,0.02409664540932116,0.024097721536201155,0.02452106856728381,0.024425589754901278,0.024428230429052566,0.02452010696229534,0.024096558627435094
0.02562110754500513,0.02542320559210931,0.025232011719555858,0.025230746606803245,0.02541720523183605,0.025618773957279684,0.0256198092416135,0.025418062750431125,0.025229334528003522,0.025232732999797225,0.025418267676197204,0.025619298599029117
0.026313512388139892,0.02519375416671954,0.024962552780114056,0.024962205169434704,0.02519063648463371,0.026311155243042728,0.026313162515662736,0.025191382752911773,0.02496149029316319,0.02496600541427163,0.025190450263568365,0.026311191686849922
0.02608165712739202,0.02396525838997765,0.023761132245215477,0.02375911545183712,0.023963803293687025,0.0260799014525383,0.02608105562705676,0.02396538807163129,0.02376291985430984,0.023764976002016658,0.023963283793903944,0.026079992805205787
0.025047762033578835,0.022146664762275392,0.022047201153427842,0.02204666284345308,0.022150511087799085,0.02504768335433316,0.025048471015239104,0.022150778100058555,0.022050469640243098,0.022051247112335526,0.022148823274872886,0.025047294657104535
0.02361431912684725,0.020362594881955964,0.020412650475526817,0.020410064667049144,0.020366510957485096,0.023615966369029406,0.023614589485926707,0.020368136419311678,0.02041665319466207,0.02041402180970897,0.020365350763440093,0.02361530997692113
0.022202095352141737,0.01914700514158485,0.019366633389023447,0.01936609620399543,0.019155656532589105,0.022204563479683748,0.022203403650807196,0.019155078276185566,0.019369144306878583,0.01936663669154165,0.019153284639953527,0.022203830688835746
0.021306072549089727,0.01897203988442342,0.019321793172990764,0.019319994859052225,0.01897815232317973,0.02130787507518983,0.021307314640759578,0.018979690354869072,0.019321997246225076,0.01931874951857465,0.01897552884258552,0.021306625148267366
0.021178320617285695,0.019897915382293796,0.020308330654281115,0.02031021556294449,0.0199053765190359,0.021179493953377204,0.021180180194889875,0.019905127384496457,0.020306436663097727,0.020306386752818928,0.019902112758202584,0.021178357451482888
0.02196301938696904,0.021812862493787277,0.02217978038738,0.022180395108939766,0.021814227250973706,0.02196092838757102,0.021963674497541996,0.02181721472702025,0.022175941433330404,0.0221770182965782,0.021811589574541157,0.02195954514701337
0.02346406703311693,0.02418800126666143,0.024415835303257194,0.02441874633958868,0.024189384104017886,0.023461662055391796,0.023463971630062974,0.02419037390642048,0.02441185016227604,0.024415893279811196,0.02418699858815443,0.023461549788477698
0.02541188865167049,0.026534837812884626,0.02655007963461964,0.026549712928652935,0.026530569768051904,0.025407596074263517,0.025410094708420206,0.026534372469492862,0.026545898889092978,0.0265494752723891,0.026529179285372628,0.02540728760658728
0.027334154282179668,0.028207190477171018,0.02798809047212386,0.027989261833111012,0.028203261596065454,0.027331896268337763,0.02733166218965488,0.02820559356786473,0.027985077727154195,0.02799022757429548,0.0282032691406941,0.02733253924194967
0.02886935195429352,0.028916546502627205,0.02850347823263083,0.028502369745739442,0.028908947924812245,0.0288655561227103,0.028866898632765703,0.028913904588293515,0.028499939505450933,0.0285043108481024,0.028909876281246027,0.028865607872862575
0.0296951752899145,0.02847262168316611,0.027957969114954184,0.027958131333561842,0.0284684669357691,0.029693120790685645,0.029692226444875403,0.028470485691139413,0.027956067258033845,0.027962051420997003,0.028469732952366766,0.029693572720653483
0.02971262000414171,0.027114825546572907,0.026636035790866153,0.026635434505005717,0.02711512961631246,0.029709354768407303,0.02971100593181991,0.027115703740656527,0.026635308167482497,0.02664041489509994,0.027113702838472087,0.029708865927110584
0.029017453000506788,0.025231779485550998,0.024918457848217446,0.0249170297629267,0.02523674876194487,0.029016718547894782,0.02901569531587117,0.025235196625765066,0.024920569767431844,0.0249243505263832,0.02523425737188112,0.02901612990975011
0.027845750465354202,0.023378418432100034,0.023345417369981192,0.023344318240161088,0.023388009419772482,0.027846374740062574,0.027845804144563613,0.02338617264869719,0.023347887053583927,0.02334989686421307,0.023383043254811553,0.0278446225432587
0.026600886407616542,0.022115791815319308,0.022400998584754583,0.02239766755986272,0.022125434738462568,0.02660382870141048,0.026601247717120746,0.022124954823240228,0.022402788037754418,0.02240183567512355,0.022120469305096813,0.0266017285510336
0.025609380877500698,0.021794870461818328,0.022378418826062396,0.02237575628788524,0.021807644840920903,0.025613292604556637,0.025611902078865878,0.021806730100462912,0.022377759513153905,0.02237663292235259,0.021800926979654245,0.025611315093323928
0.025224753029179925,0.022628588194023913,0.023398822569962174,0.023393728407552605,0.022637932389040993,0.025227169266248184,0.02522714825036526,0.022639232132912246,0.023395092676564255,0.023393946826637757,0.022630989706495463,0.025224951879557367
0.025546194595247707,0.02442249463353363,0.025228483386474154,0.02522618554668432,0.024432728532285453,0.02554793766160185,0.02554927668525475,0.024433072046734117,0.02522218482438543,0.025224408337550408,0.024425054898006282,0.02554550080688328
0.026614366817287627,0.026898303671042956,0.027558765482434522,0.027554653767406012,0.02690379791087555,0.02661239102916152,0.026615926861205452,0.026906416557432256,0.027550767484809946,0.027554640107070483,0.026897531975688727,0.02660958521012502
0.028199924127584042,0.029455350011702908,0.0298140167068478,0.02981142257024838,0.029461376381763715,0.02819922277486092,0.02820048971664263,0.029462783563912853,0.029806690548725978,0.029811745949266055,0.029456183734353658,0.028197527274544887
0.03005973269460016,0.03165172088484347,0.031609587820237706,0.03160522311499392,0.03165328855565669,0.030056967225432385,0.030058714461739078,0.03165627082203204,0.0316025161132748,0.031606951866833544,0.031649263243129666,0.03005555150047723
0.03183231093117406,0.03297103471736007,0.03250858785010463,0.03250511647746568,0.032970163534571884,0.03183132632278729,0.031829252102223204,0.03297266371142005,0.032502223512978046,0.032507235351807606,0.032968485584169926,0.031831395800943574
0.03322627337247969,0.033243138341506495,0.03244727799142155,0.032445511453940534,0.03324011784388725,0.03322325152210204,0.03322239446979264,0.03324290281618275,0.03244130875735557,0.03244882662610926,0.03323967891371443,0.033222641434454414
0.03404951036690085,0.03244869304872344,0.031475913229371544,0.03147399004399526,0.03244522917518572,0.03404666460886102,0.03404356999890257,0.03244713516151526,0.031472570963401836,0.031480838252788634,0.032446657578093396,0.0340454881064044
0.03419052303239545,0.030838329589838287,0.029914969295159688,0.029915065797448848,0.03084111367607889,0.034188463764173005,0.034185770859789466,0.030839836532668585,0.029915181353336373,0.02992333484411802,0.030840593389129034,0.034186459471470365
0.033776404497403434,0.028883277359005033,0.02822146471546616,0.028218259913418864,0.02888710907935893,0.03377519263249623,0.033771845281294566,0.028886334489729826,0.028224271445151883,0.028228250633909435,0.028884563501321625,0.0337728662679318
0.03293583027805824,0.02702943712530126,0.026818736336402804,0.02681718450036874,0.02704064801809075,0.03293793121684452,0.032934290579547054,0.027036901785606082,0.026821600452111904,0.026824876352334714,0.027033823527025602,0.032935774350811964
0.032001180802751106,0.025841988620328438,0.026172309229515467,0.02616789158624172,0.02585249721655436,0.03200206298330499,0.03200135733714915,0.025851411858206663,0.026172248428547484,0.02617475901820704,0.025843732308714285,0.03199901266399535
0.03119794872025461,0.02556637041029608,0.026431790400519573,0.0264292716364255,0.025583139298223756,0.031201185476560922,0.031200375696739224,0.025579335127990988,0.02642920776946517,0.026434365738044974,0.025572590099770864,0.031198248132594752
0.030806293032423104,0.02642683138783125,0.02770702147546039,0.027701276694544863,0.026443995394481445,0.030807293706702876,0.030809797044426712,0.026441649588980876,0.027701884230709406,0.027706991318388274,0.026432923602339564,0.030803547391782204
0.03095207565062913,0.02823965585682353,0.029716595750345243,0.029710954953615476,0.028260617899613982,0.030954781803043785,0.030955891018665804,0.028255945693381468,0.029710573698544795,0.029716563183885714,0.02824853317791981,0.030951355601626984
0.031675165912068426,0.030766662271984213,0.03218216027493592,0.03217417008381007,0.030785674987881095,0.031676481953346214,0.031679569513410666,0.030783905172055315,0.032173616567253815,0.03217891631290709,0.030772291500337334,0.031672757375204086
0.03291965349180209,0.03352923454735751,0.03459942777337499,0.034591197474485524,0.03354287559863206,0.0329199245180386,0.03292193396685428,0.03354391064523665,0.03458783286313871,0.03459485608646329,0.033530677725615465,0.03291678125468672
0.034474411548800044,0.03604863257513091,0.03656636258913154,0.03656045032208416,0.036057578676341295,0.034473869025067216,0.03447564540453735,0.0360614393749113,0.0365516553520307,0.03656256826083526,0.036046376681546366,0.034470341754595346
0.03617422158405936,0.03792596243893709,0.03776066105978915,0.03775409536620372,0.03792875552613206,0.03617051677577404,0.03617127644712137,0.03793352695288549,0.03774575543750003,0.03776013206317863,0.037922320856779324,0.036167000870612864
0.037715943164605525,0.03880057035944873,0.037969685646494944,0.03796478525099989,0.038805199775763854,0.037713716608172465,0.0377116027988626,0.038806447640972075,0.03795830508424847,0.03797294120473693,0.03880023673360039,0.03771071756474831
0.03897039201820002,0.03867266508403455,0.03731029155193988,0.03730338605241601,0.03867355977614828,0.03896638342333064,0.038964222550558814,0.03867558113871006,0.03730220767645254,0.03731414998833482,0.0386714187586823,0.03896334066286211
0.03976527957903686,0.0375518256701754,0.0359036374608645,0.03589939285425792,0.037553212557689175,0.039763623243077806,0.039759211364929214,0.037554170198172365,0.035898122724601855,0.035908498872194106,0.037550415936634884,0.039761265907934495
0.040089444341185276,0.03582831972588396,0.034214896376761006,0.034211218744917726,0.03582800838113587,0.04008690600262954,0.04008436758042777,0.03583026136571238,0.03420964952987221,0.03422083985286739,0.03582396127718024,0.040083481882212335
0.04000580190593228,0.03384807475832763,0.0325890583123607,0.03258620348319796,0.03385115221825069,0.04000431551974365,0.04000094708222818,0.03385041710272829,0.032586240075379136,0.03259810060758467,0.033847175472823454,0.040001415467773915
0.03960506790756285,0.0320894530283925,0.031482588429141645,0.03148054730844285,0.03210133635952417,0.03960639967378732,0.03960317053592166,0.03209626653355302,0.03148284881331187,0.031493278181604356,0.0320953616269567,0.039603051320297344
0.039120991130166316,0.03097412884188233,0.03118861843727938,0.031183659082326676,0.030990021795149036,0.039122414831602115,0.039120611332456146,0.030984549049431653,0.031190791398027995,0.031196471698417105,0.03098219681237735,0.0391188039912263
0.03867542461830026,0.030737667961024395,0.03183114546182875,0.0318267475704353,0.03076050614778153,0.03867994928692331,0.0386783057557441,0.030753258683704654,0.031832934857716766,0.03183626019189961,0.030748598281287676,0.03867611352137945
0.038495011482068464,0.03157832618120482,0.033437096615761,0.033428676710776706,0.03159839845724294,0.038497483627734086,0.038498966149209224,0.031595351243808856,0.0334342297769713,0.03343670074619687,0.03158401779361042,0.03849225124607197
0.03864623075924123,0.03332958212592341,0.03571397450595415,0.035706342776347766,0.03335324217262087,0.03865042188581802,0.03865138686833741,0.03334893530880351,0.03570747464730273,0.03571408696317807,0.033337842520895,0.03864581518224641
0.03920056733913069,0.03584635887441512,0.038422508793354015,0.0384108058919439,0.035869529947290535,0.03920366208772158,0.03920604268640149,0.03586727623313746,0.03841198375893329,0.03842042640363469,0.0358536020410567,0.03919818884731208
0.04014275344665741,0.03869064719536763,0.04105931212850411,0.04104605361465319,0.03871483026503142,0.04014480806328574,0.04014714397877828,0.03871233538805796,0.04104706875578801,0.04105627236812209,0.038698759851672426,0.040140470043109056
0.04135936307621246,0.041496924580361416,0.04330259396736019,0.04328833618213246,0.04151856666382958,0.041360483301615736,0.04136354235582579,0.0415177331164433,0.04328612242377272,0.0432952132453972,0.04149988141037236,0.04135533017923626
0.04278559530906878,0.04387046764623165,0.04480492652839274,0.044789262394077156,0.04388345408899541,0.042781959396190006,0.04278653842981889,0.043885972205970236,0.04478397851887461,0.044796028180819125,0.043866874310724446,0.042776358705712725
0.044208732964232667,0.045450310488085566,0.045367182575769605,0.04535499505489382,0.04546286845642156,0.044205950998660815,0.044208756925719905,0.04546339541490757,0.04534528416033462,0.04536359733114209,0.04544928667952386,0.04420088997747784
0.04556031254217985,0.04614460765566253,0.04504222001937591,0.045029123645780766,0.046153205379423246,0.04555448618780805,0.045557329393043355,0.046155012365223236,0.0450222520223712,0.0450427637930817,0.04614350025817676,0.04554862878248772
0.046690462106981634,0.0458294429791658,0.04387308784200916,0.04386413824123209,0.04583969648810665,0.04668600731029232,0.046685587936572404,0.04583942713738881,0.043856988547206155,0.04387788684822508,0.045831755386364637,0.04668170221259016
0.04754877500982835,0.044750746191591806,0.0422570189100554,0.042249803811498676,0.044757342095515185,0.04754449140167688,0.047542730022117785,0.04475860817142857,0.04224159003586758,0.04226196151001016,0.04474989002460972,0.04753922361357893
0.04815023050913614,0.043110844625289246,0.04047213942649186,0.04046789846979665,0.04311567404360417,0.04814558072139957,0.048142464459775325,0.04311629912543308,0.04046064437511665,0.040481025997167075,0.04311156624865187,0.04814094330785079
0.048470885712671,0.04127553322759786,0.03895920218418031,0.038958852999426585,0.04128643486940797,0.04847013751918666,0.048464950700247866,0.04128280687042907,0.03895481408383128,0.038974003745928465,0.04128342042103211,0.04846528123546823
0.04865567204255544,0.03965290668375926,0.038066631973384,0.03806583975042255,0.03966524376618891,0.048654272032933876,0.048649996666841167,0.03966155175744612,0.03806968964137042,0.038083211234185954,0.03966260361318047,0.04864826090889718
0.04873542170259354,0.03850545925265769,0.037989915503210125,0.03799288191682859,0.03852447609659365,0.04873849669771957,0.048732343653463905,0.038517171925984195,0.037997656390102275,0.03800730834270305,0.03851888681561483,0.0487322054083002
0.04885398456528739,0.038186587817922,0.038927254536318456,0.03892864630632714,0.03820321592314513,0.04885713503779637,0.04885319605365113,0.03819893153941617,0.03893419260198705,0.03894051918961983,0.03819510884639382,0.048848415411025026
0.049092214006391244,0.038726363671888475,0.040729421405693744,0.040732407355503486,0.03874512698877597,0.0490975393065331,0.049093205394935335,0.038740230537454456,0.04073639203303214,0.04074302507412619,0.038736479230077225,0.049088650166348
0.049488988941532475,0.0401829009288448,0.04330557015504455,0.043305523896782216,0.04020533513706659,0.04949655671394315,0.049493396639194664,0.04020099323964854,0.0433118021876453,0.04331593443002468,0.04019487903307778,0.049486210169351674
0.050132275919475444,0.04238589834193385,0.0462863073517461,0.04628139286343608,0.042410447489892866,0.050138239351129654,0.05013684417455838,0.04240623169470925,0.04629108231188339,0.04629099795878178,0.042397530852245846,0.05012726053532268
0.05095565694088788,0.045070730144619986,0.04932428441675085,0.04931759082322329,0.04509808412265376,0.050963032831059185,0.05096203253444648,0.04509227980796987,0.04932287124021073,0.049322004307498224,0.04508034398729943,0.05095218034980409
0.05198883406620636,0.04799832906291007,0.052092846952363825,0.0520798653155124,0.04801941888000977,0.05199135742096894,0.051994896225253384,0.04801679801067971,0.05208276033552944,0.05208330084123752,0.0479987517223438,0.05197916390691715
0.05313885736834162,0.0507362591969901,0.054180031441764975,0.054166010659373764,0.05075901485287532,0.05313976530141534,0.053144729284631764,0.05075478165161451,0.054166033857530826,0.054172774748076635,0.05073859586687729,0.05312998324676488
0.054341994055648934,0.05308498340222206,0.05547961059172141,0.0554606666196793,0.053107719927373453,0.05433909710133,0.054347611357744574,0.053104753263330584,0.05546190056923361,0.055471394082370895,0.05308619560526434,0.05432806793840317
0.05556876465199084,0.054749167208498484,0.055788589492982044,0.055770382452525025,0.054768271312648775,0.05555942203286213,0.055571007432737685,0.05476646327463752,0.05576598911745667,0.05578034198929427,0.054748061441425966,0.05554949944063481
0.05670004258048622,0.055623854160087194,0.055213349070978246,0.05519962509411458,0.0556407007656432,0.056687977685668134,0.05670086687699416,0.055638760397504594,0.05518374861556691,0.05520667956175335,0.05562218646662531,0.05667957341177843
0.057766688151563106,0.05573638210197013,0.053940640138367246,0.053925948929282985,0.0557490641961908,0.0577476682673318,0.05776376349516216,0.05574874860265494,0.05391005859026515,0.053938729843937605,0.05573609860337664,0.057738530021051226
0.058702544769459186,0.05508637969196939,0.05217057519738105,0.05216038426647451,0.05510658327488299,0.05868260796865271,0.05869698009965518,0.05509992390854379,0.052145668027213155,0.052178501866201654,0.05509941895158765,0.05867524209506536
0.0595286248304982,0.05397535368490808,0.05035785417616506,0.05034831143788765,0.05399426438084037,0.0595064829314596,0.059521687066488194,0.05398902953604645,0.05033711798270252,0.05036995228287461,0.05398908842781974,0.05949758153839135
0.06030104231999117,0.05256733889506349,0.0487400300745382,0.04873438068211344,0.05258560011408003,0.060277981183239626,0.06029157702768362,0.05257809761121979,0.04872353653070838,0.04875922068255295,0.052580093286137886,0.06026772767777744
0.06099830979378079,0.05117590197031813,0.04771611140641274,0.04771641085051359,0.05120028481783212,0.06097966479926642,0.06098982359937083,0.05118656054460269,0.047705877899971716,0.04774631253479272,0.051197207314256865,0.060968482505286525
0.0617355299712653,0.05008995299527752,0.0475115567134643,0.04751401038079045,0.050116926947639584,0.061718239417574094,0.061725989044965957,0.05010000801609865,0.047510985451264864,0.047549627402534655,0.05011697852131286,0.06170338431979672
0.06250561983162461,0.04945732009741555,0.048210651665432924,0.04822183002978708,0.04949208328982457,0.06249599992395266,0.06249763533875535,0.04946916564919185,0.0482201763467609,0.04825648761079482,0.049493389985365954,0.06247891655846505
0.06335902375368269,0.049535198009531434,0.049923011943795226,0.04993732092645242,0.04956906077722251,0.06335415505462566,0.06335372073144663,0.049546935947838766,0.0499359494423916,0.049965823213143856,0.049567561213121614,0.06333227768901462
0.06434206488132249,0.05029939456686988,0.05242493734986586,0.052443547767966,0.050334255928305205,0.06434166530111174,0.06433830661438378,0.05031039197655185,0.052442578221178704,0.05246763794597087,0.05033287553704546,0.06431625817563635
0.06540271480559151,0.051772286946773494,0.05559575779307635,0.05561413246765878,0.05181350221343273,0.06540896635290289,0.06540336923581525,0.05178659769991989,0.055616848351950354,0.05563564770972418,0.05181480202129718,0.06538023482515148
0.06659525911936365,0.05385653290735809,0.0591015824494715,0.059114398606149865,0.05389591476069816,0.06660061663460659,0.06659694392680926,0.05387204001965551,0.0591255760725764,0.059134179671372855,0.053894455801094365,0.06656715361146182
0.067844464170144,0.05632196668447281,0.06258019693609052,0.06259127784109525,0.05635922897427087,0.0678516314376355,0.067848975568011,0.05633811036631625,0.06260010606096689,0.06260379297165136,0.05634974512345603,0.06781840425555113
0.06912898581242499,0.05905406923382739,0.06580363967668351,0.0658037807545171,0.059082752404391314,0.06913192351066105,0.0691351157521577,0.05906921564665324,0.06581307909052753,0.06581450688452672,0.05906675984826232,0.06909714159235353
0.07043758984635956,0.061725102331263604,0.06836231723030112,0.06835231191806518,0.061752081100921286,0.0704339271161501,0.07044157553982089,0.06173853136694751,0.06836486751034271,0.06836950623147342,0.06173353429899142,0.07039876303709752
0.07167888832231473,0.06417605163372686,0.07015355838564546,0.07013180267822494,0.06419949110214268,0.07166866016736889,0.07168262214194843,0.06418932918923087,0.07014442914905472,0.07015154213255143,0.06417614614343337,0.07163218202705746
0.07288742821325433,0.0662491776555485,0.07102994971744947,0.07099683039547716,0.06626173629393595,0.07286463513484165,0.0728872235517668,0.06625684813502797,0.07100656099921515,0.07101704964379962,0.06622713136765479,0.07282657044060675
0.0740081435231954,0.06776011090801848,0.07095386411593074,0.0709150894264779,0.06777028348004821,0.07397851601058408,0.07400390478902491,0.06776447433891325,0.07091629987477893,0.07093605489092031,0.06772943374216073,0.07394151714840719
0.07504179907910091,0.06874673702048661,0.07014148784474661,0.07009505028172908,0.06875697267559211,0.0750025994622881,0.07503277964455268,0.06875106686776394,0.07009364822970848,0.07012009355595711,0.06872095906840336,0.07496755319872034
0.07604451797974615,0.06913650911587638,0.06866344388913292,0.06861237634906298,0.06914435680784842,0.07599365350865933,0.07602828048300131,0.06913854243792483,0.06861343201500159,0.06864125962343914,0.06910929295632395,0.07596014667428425
0.07697781546030968,0.06904917553865553,0.06687650651011451,0.06682790417543888,0.06906011238635906,0.07692409941101874,0.0769585751115398,0.06905004433377276,0.0668170179667445,0.06685329616559055,0.06902328739995994,0.07689339121712807
0.07793855958954737,0.0686406997775571,0.065071995546429,0.06502641092967737,0.06865364459460771,0.07787663096740088,0.0779148134322199,0.0686406257716114,0.06501274913424415,0.0650601753178342,0.06862181147741586,0.077844891273391
0.07894340759425605,0.06798521782985101,0.06348546931374527,0.06344636866167175,0.06801142463237148,0.07888054281679541,0.07891681436392961,0.06798721015758119,0.06343321218821163,0.06349179947083966,0.06798788869884043,0.0788519852499815
0.08001109522872163,0.0673538847436605,0.06250559518334076,0.06246937808253966,0.06738779517982518,0.07995166591642594,0.079985544482845,0.06735686295186738,0.062457812662982226,0.06252407027764245,0.06736487025079912,0.07992302127866158
0.08123600645538276,0.06685024538308182,0.062230613898852816,0.062200812041283915,0.06688926023140795,0.08117563877891354,0.08121065540839773,0.06685360138543828,0.06219362765866249,0.062266012345079114,0.06686133684452844,0.08114567780613591
0.08257515560617357,0.06662742783261066,0.06285873060403047,0.06283568560666902,0.06668036029549718,0.0825276299699787,0.08255364412275701,0.06663388004856813,0.0628303931574406,0.06291176449552749,0.06665470290078923,0.08249836222313783
0.0840838443871218,0.06683925189980572,0.064448816761839,0.06442991320608726,0.06689895919692712,0.08404367954401559,0.08406619855641911,0.06684873083295367,0.06443528225111445,0.06452264712904199,0.06687662498342484,0.08401105909645895
0.08576280972838557,0.06746453694091281,0.06685619771083456,0.06684473588093237,0.06753005352134611,0.08573268382144145,0.08574898442140572,0.06747253323293595,0.0668589542215729,0.06694693700896942,0.06750340137071503,0.08569957013380991
0.0875486869711325,0.06860029978885485,0.07007367537253151,0.07006693979389877,0.06866997537678032,0.08753441701585435,0.08754202784468051,0.06860725641896054,0.07008308518986478,0.07016990173262794,0.06863685228422534,0.08749719902731773
0.08947838173879114,0.07017034080729972,0.07379330696262698,0.0737916438761489,0.07023984966935898,0.08946703885080143,0.08947269205694597,0.07017350050583487,0.07381538644818958,0.07390022718829287,0.07020600039828301,0.08942653041335386
0.0914644337985836,0.07207711578792136,0.0777914061954611,0.07779688070921692,0.07214786896894093,0.09146204391736845,0.09146180674952636,0.0720759765397943,0.0778216628257199,0.07790410874001702,0.0721186221222282,0.09141947140912654
0.09346864922367376,0.07429366985360225,0.08185606588809519,0.08185997403662626,0.07435257010133589,0.09346773361075245,0.09346880314397055,0.07428203039797787,0.08188556662052238,0.08195528890111242,0.07431622290731577,0.0934198862024691
0.0954866211904391,0.07661562005236794,0.08560112560767008,0.08560806306021579,0.07665764727706581,0.09547387015528597,0.09548268905180013,0.07659110627092408,0.08562860435815861,0.08568771415770265,0.07661679304235763,0.09542043901700231
0.09741504600376338,0.0789758922203071,0.08891649095907694,0.08891447629758809,0.07899627914426749,0.09739497030124877,0.09740892542420382,0.07894113030712013,0.0889310357715653,0.08898405800819714,0.07895970341407121,0.0973376527044802
0.09927432485987342,0.08125786102372734,0.0915576115651967,0.09154079322484487,0.08124945809642264,0.09923241384691972,0.09926127003820856,0.08120692139511998,0.09156034400116664,0.09159634327695859,0.08120679436555722,0.09916568078561627
0.10103037901733392,0.08331455608876842,0.09337329502420227,0.09334227430695452,0.08326705395776202,0.10095876852191871,0.10100641131461047,0.08324894034907493,0.09335213675421261,0.0933730211181229,0.0832189670026885,0.10089042189542663
0.10264092365345612,0.08516408154151656,0.09443872096395123,0.09437713674624665,0.08507650109892839,0.10254510482012663,0.10260448029970226,0.08508233178683722,0.09438305007662656,0.09439715085196299,0.08501638902789277,0.10246405229826033
0.10416691172719456,0.08669116292488144,0.09465374523815961,0.09456317389839503,0.08656032688485954,0.1040291565607242,0.1041145762593444,0.0865975516401673,0.09456041015051897,0.0945731337838111,0.08649369138888274,0.10394203494074555
0.1055732876921685,0.08791014697086652,0.09419398141844987,0.09406632533104425,0.08774188057842008,0.1054092681427552,0.10550857426546428,0.08780054969795326,0.09406236786914896,0.09407621281418693,0.08764900436961337,0.10531399443542006
0.10690503058184386,0.0888945118026504,0.09325129919547304,0.09308251239137721,0.08870250812866015,0.10671076252219586,0.1068276555942082,0.08877064433585768,0.09307151378878492,0.09309819364006972,0.08857343418530383,0.10660697482789583
0.10822549293240347,0.08961469736658212,0.09191424896627715,0.09170652541580654,0.0894009780688364,0.10800631742186545,0.10813813924280447,0.08948272460046275,0.09170571865227711,0.09175133066725571,0.08925198959925001,0.10790892181889705
0.10952413787825016,0.09019482278717522,0.0905391224297345,0.09029665664356779,0.08999110113087516,0.10930414891526585,0.1094317158186337,0.09006858378487681,0.09029043713641233,0.09036354650600198,0.08979732860814993,0.10920364833856194
0.11089355122075456,0.09070287921409032,0.08927623486191266,0.08900163849166953,0.09052116974175256,0.11066196720290028,0.1107895380394116,0.09058043366982726,0.08899049036498108,0.0891103101829609,0.09028867950026254,0.11056859878442166
0.11237436421541735,0.09118432213557881,0.08832522958476763,0.08802623725249958,0.09104077859942722,0.11214556836472406,0.112266225572965,0.09107511226327925,0.08801757422504353,0.08820097062157828,0.0907700664331006,0.112058904953522
0.11396168894881098,0.09177559110964284,0.08796164165603454,0.08764243308397124,0.091693434188173,0.113743944483635,0.11385090576215462,0.09168199116980819,0.0876153051020283,0.08787841559316201,0.09137891902491768,0.11366912803687418
0.11573503375407312,0.09248124055077239,0.0881972105219907,0.0878690430403331,0.09247882386849138,0.11552478011052164,0.11562027679562276,0.09240426280377911,0.08783291185739589,0.08818878641202232,0.09211587681810102,0.11546921781051511
0.11769005797878468,0.09337881129122971,0.08919704128428746,0.08887211185180621,0.0934631606823399,0.11749614793011565,0.11757234730862304,0.0933134595339229,0.08880330414084903,0.08928435786607197,0.09305528001647984,0.1174581946761073
0.11980894086981053,0.09452494142294943,0.09099798272202564,0.09067623864143665,0.0947182392653112,0.1196415510717378,0.1196933774182597,0.09447679801962272,0.09058813433859814,0.09118640342805401,0.094262223730196,0.1196360814424165
0.12214127206696368,0.09585769644266312,0.09347814053555531,0.09317029221584733,0.09616605751302576,0.12198915412029993,0.12202676318440792,0.095831848645138,0.09305811289032051,0.0937845669360432,0.09567254997605773,0.12202000381246925
0.12462098190312693,0.0974442996474214,0.0966753844674379,0.09638574382220044,0.09786433314025744,0.12449411800963411,0.12450448441773487,0.0974278271525178,0.09623651147503876,0.09707974524804713,0.09731364516106283,0.12457293371671668
0.12724431055169466,0.09922450055651871,0.10040112353000158,0.10012504779228715,0.09976670518336417,0.12713012187663703,0.12712813603256273,0.09923123039197945,0.09995816592877538,0.10089984447025896,0.09916975870051725,0.12726498005139947
0.1300108935824527,0.10113917235178543,0.1044800255067393,0.10420839782040203,0.1017740712575328,0.12988812530474547,0.12988879017879312,0.10115819102816814,0.1040206953148477,0.10505597012511614,0.1011408729328116,0.13009051949823136
0.1328485243743177,0.1032031134273822,0.10885111121040925,0.10857328329331917,0.10392683087327326,0.13271325800508837,0.13271429498977055,0.10323594989318385,0.10837008898716766,0.10945674400824462,0.10324273197223044,0.13297378181002717
0.1357470631751101,0.10532337149939958,0.11321087555379583,0.11292614645514742,0.10608677256319177,0.13556974295544388,0.13559628974344123,0.10535987765785598,0.11270904880414379,0.11384088716384477,0.10538822664576414,0.13589734215045257
0.13867539224400122,0.1074574391851526,0.11744845380678492,0.11712426010103544,0.10823414617373461,0.1384399090308393,0.1385062559668736,0.10749719899872773,0.11692610039136153,0.11805208142682455,0.10750460233797499,0.13883594357461498
0.14158035786888262,0.10959317974380722,0.12146139093039954,0.1211039455182486,0.1103617939475382,0.14124506534304238,0.14138147550847097,0.10963422301729603,0.12088114793360127,0.12199579602039612,0.10961453431280238,0.14172323148308452
0.14447144257388744,0.11166104119195802,0.12501953012722894,0.12460220266785876,0.11236189472081792,0.14399201806566603,0.14423268093613645,0.11169439169421747,0.12439828918329265,0.12544672082075853,0.111609164524057,0.14456295200150665
0.14731534637885613,0.11368065882183542,0.12815009719816883,0.12765262264523625,0.11429151869435966,0.1466735848909383,0.14704319868249388,0.11369477372319609,0.12745725407729136,0.12842227918180943,0.11351542869842135,0.14732728206712725
0.15008013512703688,0.11566200739484372,0.130812562575568,0.13020794794438284,0.11615774317542565,0.14926350989447124,0.14975398221761677,0.11567504460744227,0.13002933758271107,0.13088736609229235,0.11535059477391019,0.1500077536040318
0.1527748760929537,0.11756125649241772,0.13289070722535468,0.1321550918080997,0.11789558783055798,0.15175009249138216,0.1523856662204885,0.1175482126038695,0.13198691483409042,0.1327108278601582,0.11708700638627872,0.1526044933743454
0.15538184545486244,0.11949449755383623,0.13458832489346922,0.13372647641089497,0.11966115994025428,0.15420300191147718,0.1549291407579505,0.11946055902974623,0.13355304797439782,0.1341190907998578,0.11877222812583538,0.15513703757152736
0.15793153713390629,0.12141911679540074,0.1358323137834207,0.1347918942469244,0.12140466456436189,0.15653836911314584,0.15741784929307268,0.12136379589171181,0.1346552745626065,0.1350446048785574,0.12047569164215005,0.1576121603789808
0.16047246063027,0.12339297858288173,0.13677252621750852,0.13555303132847907,0.12318183358911416,0.15886959800615252,0.15986358091381747,0.12327664923042053,0.13540264287373555,0.13560698288272227,0.12216979512338427,0.16006777205130313
0.1629565616800533,0.12548780421917566,0.13761777755940902,0.13620521705410826,0.1250882016417647,0.16121814797299383,0.16225925418832976,0.12534838335109966,0.13601614875745455,0.1360604825982929,0.12396013538609585,0.1625481223185128
0.16544003973314453,0.12768913729186565,0.13835084613337173,0.13667604842178183,0.12712486422405112,0.16354467956971913,0.1646613869865292,0.12750316345543528,0.13649460177999478,0.13638873411111513,0.12589780320864347,0.16500962446388162
0.16797114090633308,0.13007704261605624,0.13919779060060422,0.13728620840389916,0.12934602705628845,0.16597227732973824,0.16703145301479172,0.1298003517537531,0.13705040100615912,0.13676564236858235,0.1279513788668195,0.16756072960940716
0.17049290051962074,0.13268724909767204,0.14031993023034156,0.1381221548371624,0.13181656498855798,0.1684522477549058,0.16947080104638718,0.13236629456280202,0.13785219166485907,0.13742903923704664,0.13025591266105968,0.17020476112739152
0.17308239056567692,0.1354808531590147,0.14165540660874704,0.13916120457416048,0.13449017169564276,0.17099956560958313,0.1719233143607346,0.13506438737304066,0.13883085675618156,0.13831076452558938,0.13279084616980913,0.1729001020975846
0.17577527730645476,0.13854428785219108,0.14345772048374222,0.14071845310164033,0.1374263372567457,0.1736713558579765,0.17442835770916504,0.1380284457791996,0.140242371320972,0.13967753469043925,0.13556817094606488,0.17575815619553875
0.17852777793753033,0.14186833094927365,0.14577919288972124,0.14273892448448894,0.14064962401039893,0.1764368328229567,0.17708273588144136,0.1413025760294696,0.14212307230013732,0.1415704361155779,0.13859511613705067,0.17873319714252017
0.18148465047437712,0.14542507310354075,0.14858630448804094,0.14529459532522937,0.14419462191682958,0.1793539443798572,0.17980495446273764,0.1448005575994502,0.14446971963855681,0.14399448543205112,0.1419581751162758,0.1818632940532901
0.18458199097918526,0.14930026564199783,0.15204915884886633,0.14848353166630957,0.14802392365910383,0.18239008525426204,0.18267918982792208,0.14863530153647408,0.14747871219930592,0.14702885420749062,0.14554044280911232,0.18512846855452741
0.18775708040347233,0.15339341189597533,0.1561026443456593,0.1522833883745014,0.15216369072500324,0.18559052535840842,0.18566509353661975,0.15274395955690867,0.1510396947849531,0.15066430113051377,0.14936489251050988,0.18851514089640958
0.19115406558622672,0.15774550202902093,0.16072874304095863,0.1566457016933397,0.15659060414053783,0.18893485030175045,0.18879339923270244,0.15709095094636777,0.15519372858084007,0.15486368656253124,0.15345086962356097,0.19210351348925536
0.1947513515092591,0.16242425509311892,0.166010908118166,0.16165637840210373,0.16130869800032588,0.19250501438527673,0.19215974614838477,0.16178830808951594,0.1600500516664144,0.15971581146807384,0.1577275626372408,0.19584595447728015
0.1983834936087171,0.1672577115676388,0.17176750435423005,0.16713736072155755,0.1662910679040493,0.19624333864159937,0.19559150711280354,0.16669123688472642,0.16538143370268749,0.16496858806828496,0.16221011715693734,0.19972460701369282
0.2023241447564083,0.17238111304437725,0.17805005511907057,0.17312337640747127,0.17152801289334835,0.20018660640819363,0.19927954932910968,0.17183026748771207,0.17128261062993128,0.17067719320113045,0.16689928582244024,0.2038052693883584
0.20638175270120956,0.17771295111233826,0.18476731826630444,0.17946887464770211,0.1770090162346945,0.2043922852962049,0.20316172823451661,0.1772413828389499,0.1776373130666684,0.1767183992264193,0.17171390101863188,0.20800122485978778
0.21049553561536405,0.1831978124193085,0.19179682725832375,0.18609595580968197,0.18272215988113166,0.20875381642047425,0.20710426345572525,0.18278503852490163,0.18430587490886602,0.18295407205452524,0.17669731020273804,0.21231323276991138
0.21489668362989517,0.18893197978496445,0.19913029193150533,0.19288643169841607,0.18869110229062608,0.21332955830716727,0.21132728635458037,0.18853302393595583,0.1912994915446305,0.18938166731380923,0.181895326551811,0.21682109450293507
0.219383617342013,0.19484275794039957,0.20668904105932606,0.19979176922130715,0.19494566500340405,0.21812191680278142,0.2157398533253233,0.19446115598890112,0.1985438974593809,0.19594661646145367,0.1872600600161704,0.22145374776482052
0.22400774234151222,0.20088469856148133,0.2143934571033143,0.20673969622757904,0.20142105499397844,0.22305001424422588,0.2202633912241932,0.20051049091786288,0.2058528049324092,0.20245640025917144,0.19284716565802906,0.22622947094951268
0.22889092739366962,0.207075327060028,0.22221114696403493,0.21367976947399492,0.20809567850375454,0.2281527194362471,0.22503246981309744,0.20676704010871877,0.21327632400678648,0.2089292683259834,0.19867969683106773,0.23116943808186957
0.2338397426573059,0.21334007995011428,0.2300525751783224,0.22055977659748655,0.21489156729652725,0.23337140267150214,0.22989135416828999,0.21318974188590717,0.22069422880753214,0.21527905601230707,0.20470089351589854,0.23618957050961686
0.2388616505545223,0.21966192003452834,0.2378724039207865,0.22731136652814593,0.22173061274150896,0.23858820909125578,0.23474977131160402,0.21974681488985653,0.2279800545946598,0.22135879107464074,0.21088111374803953,0.24126974883927843
0.24403200322513108,0.22598106902893073,0.245656615556329,0.23396519844953273,0.22851376171087773,0.24382818506297915,0.23978980528347466,0.22649939562575994,0.2352232953061021,0.22724519351733558,0.21717588428877077,0.2464098768585854
0.24922327014252577,0.23217206813014618,0.25321727632499597,0.24049103826533152,0.23516610816393713,0.24903343652987814,0.2448591640335377,0.23333120539811947,0.2422890707410187,0.2328345357337912,0.22351602109229513,0.2515226583863641
0.2544440017580333,0.23818771155802304,0.2605100395801825,0.24688322729428225,0.24159112830762397,0.25409660631905606,0.24989350827455797,0.24018094691836045,0.24914684331818904,0.23805031175936842,0.22986796919260316,0.25656460323126734
0.2597638597607386,0.24395489314445823,0.2674272648584691,0.2531160685653729,0.24768445851090676,0.2590723978732939,0.25506011038926035,0.24700491097790456,0.25581392231996447,0.24297372766391073,0.23612487467458487,0.26152155352203077
0.2650733322754443,0.24933354781511113,0.27369970200817095,0.25910014091918443,0.2533635967500395,0.2639042374217504,0.26021801236069425,0.2535683868414189,0.2621216976931522,0.24752008267508208,0.2421742495878899,0.2663567363724919
0.2703258368600211,0.25427179412953216,0.27925364661526875,0.26471254714735004,0.25852229744990707,0.26851402087949006,0.26531325929218624,0.2597476818646066,0.26799099917353264,0.25165138336560533,0.24787375800822448,0.2710093374172199
0.2755843428287748,0.25866080170082745,0.2838827980164185,0.2697462054934575,0.2630352065651346,0.272972564981229,0.2705223633299203,0.2653893366754767,0.2733014083470975,0.2553639448443955,0.2531140642818353,0.2755407014841176
0.2807163459201995,0.26228782525329586,0.28731416811073474,0.27401262848440827,0.26685721594163336,0.27723937064637605,0.2756173810885111,0.2702494381542201,0.2778012923881448,0.258585981745761,0.25776865172822544,0.27993436879618283
0.2856956313479878,0.26513949732011666,0.28963964620864635,0.2773742976506638,0.26986902576022986,0.28128381913856704,0.2806051543091672,0.27422623281403313,0.2814056710155962,0.26132862010879443,0.2617570755885302,0.28418045932246083
0.2905952789486739,0.2672089103313123,0.29076501477449057,0.2797004068468062,0.2720827600081377,0.28521888988726635,0.2855998586773146,0.277196207190116,0.28396463514228576,0.2636288691538685,0.26509181832773426,0.288368188641405
0.29526207399662924,0.26845908274390373,0.29072618679034457,0.28105919216979003,0.2735404799288717,0.28906096931463093,0.29040398620517516,0.27914006132210334,0.2853433098925592,0.2655176428473812,0.2677097863205594,0.2925330270220668
0.2996793049597266,0.2690934356998611,0.2898527583012136,0.2814359195607249,0.27430028201105594,0.29278777476982254,0.2950389370927341,0.2801343872113802,0.28569531191937325,0.26699054590382665,0.2696560353764069,0.296625329304636
0.3039224549663828,0.26931161509648993,0.2883301103764899,0.28115820526973734,0.27465556403368824,0.2964776014906464,0.2995367485224114,0.2803380397103813,0.2851171510072046,0.2683151726978576,0.2710758952142366,0.3007003127509823
0.30784804262849585,0.26923221415642684,0.28639738659949987,0.2804803976217082,0.2748555789005912,0.30011150785426094,0.30379415904560303,0.2799462042519163,0.2837787434385731,0.2696528438848283,0.27215837104379603,0.304721417423809
0.3114784258560058,0.26933415291266877,0.2844943935222428,0.27957433329143716,0.2751575943866478,0.3035748567740011,0.30778232521112636,0.27937078938841664,0.2820424029233407,0.2709847118898907,0.2731313411311064,0.3086481271634628
0.31486635016622877,0.2699981770751757,0.2829070185065589,0.27889754859416827,0.2759790349301652,0.3069600646488992,0.31158294364104755,0.27890206815402563,0.2803698136700147,0.27269782814848487,0.2743695643470227,0.3125223196408527
0.31786079985741506,0.27151098191995965,0.28204190192499035,0.2788444815289315,0.27760742357670454,0.3102701076374318,0.31509168725609094,0.27884285456097924,0.2790443785294575,0.274861237678939,0.2761916226803093,0.31630174145716095
0.3205001828596489,0.27436033388532266,0.2823521616581428,0.27969964169662215,0.2802972102210948,0.3134727807928407,0.3183728427777412,0.2796881056468923,0.2787079822185018,0.2775567672841183,0.27889304709557666,0.3199936272791122
0.32294381059152055,0.27874048809096497,0.2841496989076956,0.28192188150492103,0.28433526425683475,0.31663861303148966,0.32157768090099503,0.28170177989978784,0.2797454657572557,0.2809100463677365,0.2826475028691894,0.3236373025714743
0.3251620048378393,0.2846648073286936,0.2877197604201109,0.2856793139256293,0.2898078910868245,0.31976067637285766,0.32462086795540435,0.2851368211601343,0.28242396097218603,0.2850650251647218,0.28762652580478687,0.3272297723734585
0.327205678787174,0.2920888582684607,0.2930708083731275,0.2910199562872472,0.29680081497585553,0.32281083967957946,0.3275738878637397,0.2901765755656802,0.2870694164755423,0.2899813471966717,0.29377262911896296,0.33070388346106644
0.3292792203382526,0.300760747383323,0.30004702978076114,0.29797661073949067,0.30542408027631235,0.3258493969007567,0.3306267220779309,0.2965776999980255,0.29371414181383537,0.2956391411002969,0.3011233533687663,0.3341031913911521
0.3314114758014497,0.31053360457488277,0.3086481180136449,0.3064523159328365,0.31561975352178095,0.32894250210030473,0.3338616953623963,0.30456306642656017,0.30232458062578543,0.3020081025813735,0.30967439414122977,0.3374717262592721
0.3337148908888731,0.32104629349688607,0.3184815934341758,0.3160098691445145,0.32684808009863725,0.33205335983179135,0.3372338933984156,0.3141018357926148,0.31261137384955895,0.3089999753657008,0.3191011222621191,0.3408748556407942
0.33639888554939956,0.3315681824419525,0.32879273927884245,0.32615135904389136,0.33820920981944347,0.3352459991477083,0.34085326735881794,0.3244759040888955,0.3239347763957682,0.3166002499034327,0.3288750114832678,0.3443317849734819
0.33939833914316675,0.34128242074164206,0.3389808548847445,0.3363895353209644,0.348847061065792,0.33858937272695333,0.344601234280269,0.33507056019418496,0.335753520764823,0.3247115686591643,0.3383871793953819,0.3477944266480002
0.34261125855328634,0.34941081365387505,0.3483029817199637,0.3461250980310323,0.35803203790609195,0.34212025251805345,0.3485049417324195,0.34509554689329636,0.3473535933401999,0.33311376340472154,0.34684644112638047,0.35133184320203414
0.34612909699369876,0.3554855210983233,0.3560964144098063,0.3546874739944834,0.3649966436928561,0.34585075156462836,0.35261901251322936,0.35364624871710637,0.35769610731261736,0.34117816071578644,0.35349054519761763,0.35498251554932647
0.3500361729199598,0.35936523160146316,0.36207318664,0.3615658714955273,0.36937108010701264,0.34976307938083717,0.35683366860828897,0.36021559262076763,0.3661049727654275,0.34880921133289194,0.3580680457573137,0.3587976601279661
0.3540043300513925,0.36102943600421583,0.36585040002707725,0.36626395997421035,0.3710232090993135,0.35391051856598016,0.3610918293713407,0.36448121051248394,0.3720496649429604,0.35571250303166124,0.3604067870396521,0.3627394496071724
0.35850820903790026,0.36092218094062856,0.3676510498176081,0.3687589833948524,0.37037361461183016,0.3582507014273226,0.3653022180454861,0.3664122353944229,0.37536280818137413,0.36156845395176285,0.3607301119993961,0.36684851924882256
0.3633054927875044,0.3599638147393983,0.3679638256289198,0.36947374856484694,0.36824820781152234,0.3628826353183534,0.36955230020618646,0.3664436313589551,0.37634847608445215,0.3664268640879103,0.3596500895788961,0.37111033570743146
0.3682618078661376,0.3590615118242826,0.36767944456949747,0.3688748031451745,0.3658126868569441,0.3676678366067774,0.37370372809224434,0.36543100425463837,0.3758423895481564,0.370609612706601,0.3580731159930017,0.3756320939441422
0.37353024363819626,0.35958936740163544,0.3676137923549522,0.36797852145233134,0.36439104713900033,0.37279565094010775,0.3778799087442206,0.36426730656076534,0.374840538408479,0.37414640113105735,0.3570723309363788,0.38018351342372675
0.37907891393033444,0.3624839042585907,0.368954351968029,0.36778493689019054,0.3651456050309183,0.3781636828413037,0.3826043008565078,0.36454611276404364,0.3745504249532121,0.37749308775199547,0.3577496759114328,0.3848491789278703
0.38472667019734397,0.3684014029797542,0.3725349682182758,0.36940638768256623,0.3691002276084089,0.38369207412703904,0.3868948652144867,0.3671831402335591,0.3762595638399563,0.38090699065684974,0.3611671037579371,0.389618363044701
0.3905207484758714,0.3775917197908773,0.37883509590104264,0.37358425524728633,0.3766273942166172,0.3893229571069942,0.391477561596566,0.3729927278335061,0.38068698472084356,0.38459740551694477,0.36791186055031355,0.3944452436248744
0.3963726400960615,0.3895617376612678,0.3878650384188638,0.38061984002875454,0.38764766568612974,0.39494477083368007,0.39648320409841753,0.3823772969838724,0.38821925797219936,0.38892492084518476,0.3780557349048814,0.3992062375916111
0.40205347206737163,0.40329811695989043,0.3992240701207285,0.3903810909672637,0.4013133333505493,0.4003301330776367,0.40124510832455657,0.39479335507894586,0.3984833770213752,0.3938270533880621,0.3909812022543321,0.4040363640951392
0.4075443753994906,0.41726013710023363,0.41191866730017374,0.40233634780754696,0.4159783695916439,0.40549410984883955,0.4060550736950317,0.40900655867613706,0.41079798105477805,0.39943430278032627,0.40536715314205835,0.4087229297885688
0.41286666743559036,0.4296837232903161,0.4244846476843699,0.415170770934428,0.42963956925275126,0.410360040921793,0.41125845322878835,0.42360666967026084,0.4236604806592751,0.40543549102816145,0.4195219114382899,0.4131754809005407
0.4176962954600843,0.43899717673419214,0.4351626160090102,0.42711258091454984,0.4403698764446467,0.4147721045789431,0.4157367274438743,0.43647534135796134,0.4351113030427472,0.411120679495792,0.43166064432850415,0.4173241424202772
0.42201296001588684,0.4441899281584514,0.44276982373979995,0.43676553477782915,0.4467664205563677,0.41871630213953404,0.42011491085274044,0.44597593972273486,0.44372247154229316,0.4163478801947978,0.440231675988145,0.42112513684210456
0.42589461748009827,0.4450779605523249,0.44626477846732737,0.44281879687943093,0.44834765598202453,0.4221530626756156,0.4243965716086243,0.45108643793259734,0.44810132132338404,0.42053108498585495,0.444321902807938,0.4245751146797054
0.42905499591492224,0.44218517890548714,0.445391670458541,0.4444439111461498,0.4456395213126069,0.4250237531981579,0.4279142286573441,0.4512777161211001,0.4476571178843532,0.4232009076435944,0.44405300130126224,0.4276837063095827
0.4316961757111608,0.43708043386972545,0.44102354532639726,0.44219053763005534,0.44019843029258376,0.42741744080548144,0.4310529484119685,0.44740686690997983,0.4431196945873063,0.42465605851534954,0.44048369313896985,0.4304335365701042
0.4340538343998294,0.431809057166449,0.43451789112628997,0.4368839170500631,0.4341923566027284,0.4294134955474119,0.43423226708458773,0.4411785496992787,0.43565301264000383,0.4248776210652847,0.43530511811146766,0.43289099070862613
0.43581959313326163,0.4283500763785719,0.4277206519786283,0.43034370155166385,0.4299554399497785,0.4311098487172944,0.4363453944128111,0.4347253427811203,0.42736138469900187,0.4241563809321839,0.4306755828408792,0.43515919093094707
0.4374060979039569,0.42833993945067994,0.4227323120663145,0.4247103911763699,0.429248011821859,0.4326301585980112,0.43857272118169627,0.430490665996311,0.4206671484425037,0.42338568716335245,0.42874502501133627,0.43728246727039544
0.43879881993799963,0.43273942987828123,0.4208833707343318,0.4216138933753637,0.4331101054679687,0.43412310835837886,0.44083122074562675,0.43012364691380733,0.41715056690706026,0.4229120552559243,0.430742842870409,0.4393026966886417
0.43990422823028286,0.44114832828010514,0.4229169810348834,0.4222859727152166,0.4413996473306514,0.43563952304244996,0.44231315835006724,0.43444613994487025,0.4180916153140217,0.42320675780470135,0.43699809727706374,0.4412379351594969
0.44094424495701395,0.45211191942600093,0.42856922977953027,0.4269306393846191,0.45290291499245694,0.43720156381372866,0.44427871295807764,0.44293207930693734,0.42361919127042025,0.42479487599500365,0.4467890672837757,0.4431180851819133
0.44180247344884827,0.4635276263470525,0.43648387194051486,0.43452731071335177,0.46549617790320735,0.438793681975106,0.44592696546183735,0.4540841022946679,0.4324502179938846,0.42734979369000575,0.45824186233541114,0.44491180578487877
0.44254593901513894,0.4729494466388957,0.44508634502659017,0.4437296893500501,0.4764916734507141,0.44033483433649795,0.4471744324319244,0.4656542234524544,0.44277986305060363,0.430787363755446,0.46905429919974767,0.4465726898397455
0.443173890143814,0.47837882440515883,0.45206822245330364,0.4522646623795355,0.4835927108962421,0.4417884397102527,0.4485738941471501,0.47499852103966483,0.4522300531916792,0.43469917746587516,0.4768095034445978,0.4480690739691564
0.44375433847868956,0.47891573169597773,0.4557387352172705,0.4580368524604849,0.48530467936631205,0.44315831805214173,0.44946987241207426,0.4798792829715069,0.45863521833150733,0.43832619926007077,0.47976307618835945,0.4493080130940119
0.44427368999965156,0.47472792518216317,0.455441435290532,0.4599329055288883,0.4814291477073321,0.44445127086677505,0.45012377214252686,0.47944546151443534,0.4608349045593209,0.44142570995537145,0.4773904531954386,0.4503150088322432
0.44470742933442275,0.46722476151235975,0.4511194146335604,0.4574470961705189,0.47331245509074055,0.44562279325029097,0.4505495051873969,0.4738894214394497,0.4584533814788786,0.4435425859931733,0.47052188720009125,0.45110613770472147
0.44531014236906713,0.4588042612107342,0.4443768785833156,0.4515683039475053,0.4634938340500677,0.4467295040559972,0.4508023482889857,0.46499969807939456,0.45258854809466825,0.44457698419954783,0.4612572279504583,0.45169563736508334
0.4459901579807163,0.45202147136588966,0.4375787786733959,0.44430014003197266,0.4549468752242992,0.4478628608507865,0.4509521803439269,0.4555907725996202,0.4455960811715874,0.4449985980152464,0.45239966967255824,0.4521716942745319
0.4467647725624297,0.449146147213113,0.4329803578706981,0.43781984416387526,0.4501691827023029,0.4490042868894007,0.45104950458482196,0.4483795392434251,0.4397871625265162,0.4449645800926786,0.44655102634045235,0.45259804391284797
0.44781952208214554,0.451211948349252,0.4325584158564411,0.434506479961726,0.4505745301980084,0.45015976555124254,0.45153478977061395,0.4455079883465132,0.4375201193183165,0.44496020432438094,0.4454861533641561,0.45300843602304447
0.4488839897744904,0.45776236865023184,0.4368858257238092,0.435740352178076,0.45608722891619813,0.4512944917245029,0.4517716425861016,0.4479631020879165,0.44020230872703364,0.44555444489027923,0.4495211915585715,0.45338498010159123
0.44996002659157747,0.46704636516265396,0.4453442287535782,0.44153711672241946,0.4649770459869212,0.45225938827454887,0.45219844772859563,0.45506026035499686,0.4475371649732848,0.4467338889052915,0.45747486020182326,0.45368910412957675
0.4510267361284373,0.47612036050498263,0.4562766292993344,0.4508103977559366,0.47428398141866,0.45291295465116066,0.4529352356573205,0.46456531124667316,0.45803035020401556,0.4486036890971379,0.4668803929946998,0.4538790564388462
0.451867786722379,0.4821268834137552,0.46666625032334424,0.4611673971828796,0.48087563289705604,0.4532106367091222,0.45315258412508314,0.4734113184919151,0.46889620897104056,0.45084395978815844,0.47457572175148144,0.4538633257421887
0.4524719388876691,0.48303573370505,0.4739280556683284,0.46979529252225294,0.48240237448831547,0.45308904669169814,0.453512110407751,0.47867022492204325,0.4772684704794284,0.45286744453221917,0.47798952670692496,0.45366735677669656
0.4527514176434578,0.4782624463377928,0.4764406975780685,0.4745575900193252,0.47790255486862626,0.45249033723073684,0.45374044897773724,0.4782599091050845,0.4810291525177235,0.4544087440458927,0.4757751313995362,0.45322757096316024
0.45279099272052215,0.46905120591349914,0.4735152659668291,0.47419753382618823,0.468541301629035,0.4515345036546917,0.45360078234693896,0.4719450729520329,0.47899040750422583,0.45495804100536097,0.468311304879251,0.4526195634794908
0.45250949648868044,0.45802990734053073,0.4666457735707668,0.4691364009790823,0.45713970973255974,0.4503562256626083,0.45336874109270797,0.46168498801609376,0.4720350148855357,0.45439218866951325,0.4579866312766957,0.45195693470739706
0.4521024302868616,0.44838593167706015,0.4583225396059232,0.46131460327332835,0.4471065632331535,0.44908660496744296,0.4531166340595403,0.45054668473642245,0.46250993444914423,0.45312896083339943,0.44787684303642233,0.4513827166474678
0.45175727601977483,0.44297567707787455,0.4511395882398086,0.45332912605625375,0.4415880038122897,0.44797747744772015,0.4529183452057902,0.4417363343115857,0.4533145313431819,0.45130067120328704,0.4410617961485137,0.4510618985634688
0.4513586299661028,0.44331400715580754,0.4476358765130996,0.4479665251729923,0.44225226187918865,0.4472298743022985,0.45269207423618263,0.43805160728771086,0.44749962840507107,0.4495377896054298,0.43978463312639504,0.45104946017444475
0.45120981663993326,0.4491678296571564,0.44867602316989963,0.4470614054520161,0.44892050600148475,0.44694379418345137,0.4530340433740224,0.44061019615701813,0.44688167006516427,0.4484419826296989,0.44436355802192284,0.4514746287866519
0.45134214526329847,0.45853782555251016,0.45372636761638985,0.4508271818317461,0.4596249058312203,0.44721845103761365,0.4536645878987575,0.4484943645032839,0.4514714988680726,0.4482077816986107,0.45342334042312404,0.4523312251805905
0.45173298462383277,0.4683686346723732,0.46112503132797583,0.45811068630462654,0.4710731215464471,0.4480289346980628,0.4545011394759487,0.45929709106888367,0.459605782203106,0.44907386823450957,0.46427233223293285,0.4535487886639501
0.452506063630043,0.4755516463189317,0.4678752691847746,0.4664173359481374,0.47991481253392676,0.44937456889301,0.4560941130335619,0.46978383043761734,0.46836819154921805,0.4507673980039419,0.47352782049268266,0.45509062621129
0.4536645416544992,0.47807308119490277,0.47160192375621085,0.47282690723448345,0.48373693924425853,0.45121449410281955,0.4577107882234732,0.47678206961394515,0.4748987245382595,0.45279578795458125,0.4786411333973692,0.4568750163554451
0.4552482010417212,0.47572368124514497,0.47103652668580315,0.47532745417298755,0.48190232946475553,0.4535034895585576,0.4596494621239115,0.47848735152149086,0.4770861015705658,0.4549052720323259,0.4785149342660768,0.4588770106823335
0.4571906024552821,0.47017526549720057,0.4661713484491862,0.47308846412880107,0.47599942469114326,0.45622278252588944,0.4619359357204975,0.47523311841234006,0.4741830862136989,0.4565829954565999,0.47398889617603074,0.4610735783020245
0.459543506158534,0.46446376157916475,0.45911980047895024,0.46710146017652115,0.46913406340737895,0.4593638611657394,0.4642345871600278,0.4692241454307269,0.46767333534620614,0.4577987607844155,0.46773220316381625,0.4634154492175986
0.46227630199185754,0.46192627944047027,0.4528283405236907,0.4599095016655268,0.46490926008813044,0.4628327264456188,0.4667350752110296,0.4636592954143052,0.46042713837619015,0.458830712070318,0.46307735881565104,0.4659135176971722
0.46516976902678586,0.4649194583963516,0.450129810331086,0.45462166892498207,0.4661280607260851,0.46643147348927494,0.4693217278522136,0.4618427950329216,0.45571250312858497,0.45980802351501165,0.4629751555819852,0.4684627975236818
0.46821134742046094,0.47383761000604796,0.4530298739372864,0.4539349600819157,0.47348178981189404,0.469960519759152,0.47205401851365025,0.4657479927673628,0.4563276379924338,0.46112139054510715,0.46880755810918906,0.47094455198862356
0.4710958237694047,0.486665905526385,0.46112268303215065,0.45891754879708674,0.4853745501239559,0.4731900067275223,0.4744346829534394,0.4751186579231225,0.4630627818923473,0.4629813084171845,0.4794888907942999,0.4732230853735487
0.4736564433967006,0.4995806896097205,0.4723462399393941,0.4684346755745373,0.4980981836240802,0.4758307218826679,0.476644627124365,0.48740184841213785,0.4743438690157319,0.4653091329429033,0.49200789201168327,0.4751646333923304
0.4756979921627199,0.50853352813241,0.48338374442907245,0.47961329414628767,0.5071318694930238,0.4776894606345754,0.4785379653667019,0.49866654882853056,0.4867419692986587,0.4679979739194059,0.5022383400666092,0.47661293532724797
0.4770562044915923,0.510536931446195,0.49035513937391495,0.48865744268464223,0.5092938023152179,0.4786946188451427,0.4795725805691638,0.5049523176710472,0.49601001887999646,0.47048794405042615,0.5065026724955722,0.4774324650835003
0.4777436771690422,0.5051985645302607,0.4914289701556642,0.4924848008750835,0.5038875322161641,0.478796678772143,0.48020682625188854,0.5038213990526317,0.49919033321428724,0.47228610419413686,0.5034794203162912,0.4776713193718249
0.4776454198517076,0.4948941397392994,0.4868722125165707,0.49009667382630895,0.4930728932616857,0.47801249774845334,0.4800691928024359,0.4958292102913501,0.4954439028025257,0.4731687641838987,0.4944027678090791,0.47728310218694087
0.4769238082512619,0.4836217758304904,0.4788620631793023,0.4827809472617381,0.48123791117731407,0.4764839223320205,0.47934936481824947,0.4842109032625169,0.48648255588931294,0.4727673341484019,0.4829179905691507,0.47638600520795443
0.47562687964933414,0.4755926145940799,0.4712337647712119,0.4738710635669188,0.4729843571210093,0.47447064804036004,0.4781928200088628,0.47341930151486966,0.4763483381535309,0.47131830699707167,0.4736462673780342,0.47513115623455116
0.47395826697183663,0.47343909626088265,0.46714046382253793,0.4672983420518074,0.4712127057650398,0.4721992218648136,0.47664644016217717,0.46733824897703996,0.4692221937317117,0.46931853943688184,0.46980778278938706,0.473699435057976
0.4721681223763493,0.4769656874838672,0.467996490109323,0.46567810885520267,0.47597944559192257,0.4699589712036443,0.4751468221638947,0.4677357328690849,0.46776079587784386,0.46724773680862197,0.47235277252553787,0.4722923727524413
0.47031623373500736,0.48362225546314,0.47315403750850354,0.46951370452438546,0.4844059550620042,0.4679876492432592,0.4735303728641479,0.47355906019461336,0.4721113791776065,0.46576455286603957,0.4794121444636549,0.4710086930744737
0.4687188825061825,0.48942874083062804,0.4795941909488036,0.4767629763030157,0.4921711835636875,0.46642048570814765,0.4723666069977511,0.48133370042639206,0.47970056150530305,0.46503145726917944,0.48698889366036285,0.469963918572971
0.46743369671670243,0.49092534245029296,0.4841015410302892,0.48387081846983,0.49538069622968606,0.46537251467541196,0.47142113974188127,0.4869671160156286,0.48667620011164586,0.46497572315244473,0.49123313154463366,0.46923599365451457
0.46661892751204986,0.48688453861831654,0.48428036289937554,0.4874903327246505,0.49215580074825166,0.46488436082743867,0.4708361004504284,0.48753636146591484,0.4895876810342835,0.46546505162603496,0.48978167661525884,0.4688328038835395
0.46632612159468645,0.47855255769068955,0.47933042429543976,0.4857184946322448,0.48376558700738087,0.4650702715342133,0.47083738829916055,0.48249999621642686,0.4866883509175328,0.4659652020911939,0.4828909361005838,0.4688217008697448
0.46668357750470135,0.46960448719042164,0.4714558259263525,0.47925448159508727,0.47391275919469683,0.4660170456220165,0.47110389527667107,0.47404562777431763,0.4792860788345761,0.46635994383022444,0.47363999834103154,0.469288631809029
0.4677925850293667,0.4643566889411907,0.4640227568552201,0.47104511683194283,0.4671517803846478,0.4677214756601858,0.4720615566948746,0.466120257051987,0.4707963519295421,0.4668392713095399,0.4662062181085036,0.4703369564722518
0.46948121010597227,0.46574396089207426,0.46047490762006915,0.46490802339429643,0.4670288450890781,0.4700768519977361,0.4734346495276982,0.4628404251078603,0.46521608707734585,0.46750308765295956,0.4644037701275683,0.4719041738673177
0.4717959098394384,0.47428709565469007,0.4631551431175304,0.4641563043718178,0.4743446044394988,0.4728518443363465,0.47539186400637395,0.466482091811035,0.46596222385772545,0.4687047330942803,0.46988484390946594,0.47389492768074887
0.47444467754084624,0.4872631335307065,0.47142032155499675,0.46982805622574764,0.4867203743416069,0.4757719396842659,0.47764396832638367,0.476332340027366,0.4735658200124578,0.47053842866950013,0.4809952970381391,0.4761723937510689
0.4771731224976923,0.4998515010563532,0.4824960821244142,0.48004311703010605,0.49931316077149085,0.47849363384521676,0.48004558564680944,0.4889971196902373,0.48559951557077363,0.4729120723373529,0.4937095128395247,0.4784787028572717
0.47970334173054346,0.5074316979011889,0.49214447603988565,0.490918307041924,0.5070008880897597,0.48075249903414236,0.48252286326537847,0.49960854295298834,0.4974852922427873,0.4756322864046047,0.503030563072613,0.48061711146098157
0.48183415720607453,0.507382384567545,0.4964460968412391,0.497978611026159,0.5069939118719115,0.4824173147866313,0.48445979677085504,0.5039916733874551,0.5042744597701915,0.4780254545779208,0.5053824109694605,0.4823586044147365
0.483460933666396,0.5007149752564874,0.4944231178171412,0.49843271774026116,0.5000150183353225,0.4834002906233821,0.4861993229506012,0.500795854601449,0.5035735042355337,0.47960901919882215,0.500557881219315,0.48369163585394204
0.48441237415816607,0.49154803672330655,0.4877406277702509,0.4926936357152031,0.4901295870397533,0.4836794168273052,0.48725985912401865,0.4924441491667696,0.49619178698441085,0.4801242713214984,0.49160261572520714,0.4845168611834857
0.4847948586872515,0.4847781771105928,0.4800793698878909,0.48398248530836807,0.48283057923859823,0.4833455053912538,0.48778700280905085,0.48363340913589137,0.48596241400956025,0.47930820126951745,0.48361542049449824,0.484842057878402
0.4845592121319384,0.4839227641508794,0.475704675900422,0.4769884522248648,0.4820128784080862,0.48257230368384546,0.4878143730429464,0.47892674273123725,0.4781908953233492,0.4775639345170899,0.48105656564451027,0.4847091921002445
0.48382282613989425,0.4890310400065948,0.47654674202719793,0.4753356608325171,0.48805460969142495,0.48150435981865236,0.4873061430058728,0.4806359375079615,0.4765068672593969,0.47551823402060545,0.48513974313567,0.48420820313619967
0.48273141121114727,0.49671637902318383,0.481720354452395,0.4795625715151467,0.49754127778269963,0.4803391456320904,0.48654054207288827,0.48744870653164646,0.48109028082670074,0.4737477508662199,0.49353442162109057,0.4834306478597401
0.4813864273222356,0.5022541736849616,0.4880416175180011,0.48711469059981644,0.5050025357285195,0.4791814359738712,0.48533347664864224,0.4952012954453706,0.4888576194032427,0.47283963134177126,0.5013998220029714,0.48244121427584735
0.47999945797280197,0.5018254675951368,0.4912754231767553,0.49358688201562456,0.5060426254626659,0.47814089670847465,0.48416265734204006,0.4991546638833961,0.4949478343472097,0.47263749921879417,0.5039329464285878,0.4813386913551945
0.47868997529059404,0.4948571183095035,0.48931370131321833,0.49511718422337286,0.4995376698653073,0.4773355413764503,0.48280090919205715,0.4965464579044014,0.4957161098594845,0.47289280274672013,0.4992324998870831,0.4802619611108209
0.4776860450936582,0.48440906273500645,0.4826602068549872,0.4906699551657634,0.48826591611737535,0.47684504173648967,0.48165358844622225,0.48820890057094557,0.49046402003681927,0.473407302184615,0.4890040265392125,0.47933353555157177
0.47703536278553405,0.475384522697704,0.47429066357904087,0.4823940451418502,0.47771019226508904,0.4767862774910362,0.4807814123765345,0.47794953753041997,0.4817484359401399,0.47384959894271805,0.478046104739062,0.4787119201782031
0.47700649828449637,0.47246473315548954,0.46888624463477024,0.474725295594115,0.47311795701355996,0.4772108401912652,0.4803188648643927,0.47080641098984727,0.47460982077591307,0.47442676481793444,0.47183172986591937,0.4785733132199933
0.4776201669600748,0.47733937488638917,0.46953489474727705,0.4720739110023073,0.47684641699645586,0.47808944822850746,0.48057657725475356,0.47052773217157834,0.47343252306278205,0.47534213188990837,0.4733448090815406,0.47896241946004403
0.4787744687940848,0.48779774331462866,0.4765730975145849,0.476356946198845,0.4870942678277253,0.47926606472242833,0.48136755332738074,0.4775571874710512,0.4796373547761466,0.47666876531690594,0.4819627153851732,0.47990853781105247
0.48041709834553126,0.4989411735736005,0.48717971866396853,0.4860327734993321,0.49857616574552244,0.4805622873824922,0.4828781211068644,0.4885718891793141,0.4909684439380846,0.47855051749159905,0.49339788782788274,0.4812173002557932
0.4822527460426728,0.5053994288277542,0.4962682120713297,0.49658166965503414,0.5055429464881185,0.48183745008535644,0.48461711216622155,0.4980976343591579,0.5020931203323691,0.4805405618108217,0.5018839521010048,0.48275595827216666
0.4841106764836343,0.5043844386115534,0.4998605717503716,0.5028548746167423,0.5048082306467948,0.482982482879543,0.48661724360228203,0.5016264625736075,0.5076918412190771,0.48224154072900893,0.503553362951729,0.48435001039482234
0.4857422076996433,0.4974410812409713,0.49669256066250345,0.5019230391093653,0.4975023343397203,0.48395152187844237,0.4884729403042816,0.4980721817516205,0.5051203115671904,0.48323776411705077,0.4982845360712378,0.4858811473887414
0.4871611664627292,0.48931320877920825,0.4889721283380475,0.4947214861817424,0.4887198411732683,0.484734206962868,0.49005519070303427,0.4903895052783357,0.49591035538616307,0.48299889954108144,0.4900974045349659,0.48720864593225255
0.4881748042537959,0.48541301458938474,0.48152073911103227,0.4856646316861827,0.484409370757103,0.4853750989989262,0.49136319106974163,0.4837816059610266,0.4854340302590399,0.48166089092373304,0.48482575305612113,0.4882504467507675
0.48873985713683177,0.4884409342594217,0.47846940237458,0.4800994016514695,0.4877644748907954,0.4858540323730141,0.4920891434498407,0.48280997525808744,0.4794623373970511,0.4796927874966762,0.48630966528020825,0.4889265231546116
0.4888186642800922,0.4965742702219918,0.481059138810146,0.4810263078664158,0.49729244943689555,0.48614973386457594,0.4923912063427908,0.4883498972941502,0.48079400518856963,0.47776144255368663,0.4942688174099086,0.4891418165430519
0.4883886774206066,0.5048605689131607,0.48717501581454464,0.4874728021822808,0.5074107486949573,0.4862125546766296,0.4919785326930282,0.4971040894068057,0.4879211358856162,0.4766986221091117,0.5042219063421022,0.48887777759667783
0.48757548953462937,0.507939796957563,0.49221748233625007,0.49504975846635846,0.5119520690561247,0.48598585958591517,0.4911547377407196,0.5036334297009535,0.4958164644509566,0.47658805434423496,0.5099849202970748,0.4881356252831867
0.4864632783082444,0.5034623938221163,0.4925986237774975,0.49873826004577054,0.5078797216846807,0.4855077332095818,0.4898281829675196,0.5035815526970882,0.49931994356195686,0.4772035346542408,0.507724257182589,0.4870567504820207
0.48527702047208615,0.4936899231324866,0.48770674814147824,0.49607171329494376,0.4970071020728364,0.48479498243337027,0.4883643452265729,0.4964747192292215,0.4962325084758913,0.47825599169452176,0.4980770695589368,0.4857817300224199
0.4841182718714676,0.4839302477623836,0.48016105359091404,0.4886049387714958,0.4852505801798497,0.48396825283016587,0.4869478272367304,0.48584483202568984,0.48850611932448995,0.4792114831403577,0.48602553285997596,0.4845186752531444
0.4833433138916421,0.47968440648108557,0.47500647268776885,0.4810938327451099,0.4790952291185162,0.48318759161233976,0.48579194373524065,0.4774966299347842,0.48149497197980773,0.4800775121550262,0.4781848349590464,0.48355344104948195
0.4830602997058967,0.4833030403606188,0.4759124051323843,0.4785686405935101,0.4817302673783885,0.48263163219917427,0.48531455233157744,0.47603719993384197,0.4802807801318699,0.48091088537698407,0.4785571539706789,0.4830929195561128
0.48336865694226844,0.49247831550360543,0.4831725220086214,0.48321179392539126,0.49126238745763157,0.4824094378596695,0.48545906675822414,0.48215275169501737,0.48647306789522066,0.48176328036280874,0.4865346429828072,0.4832678371665392
0.4842705702201252,0.5018169348708119,0.49332872031532843,0.49294527125582077,0.5017073025535829,0.4825679482627166,0.48646366886136955,0.49208716366797123,0.4972047055098784,0.4828487389324143,0.49721682177595594,0.4840327913904274
0.4855869163662419,0.5058169675508778,0.5007128561148761,0.5023343199268754,0.5068127363248963,0.4831488938341265,0.4879201350748371,0.49990643346437164,0.5063336175869629,0.48384222984234654,0.5041598075137543,0.48526942746840124
0.48712039134159096,0.5023897322215922,0.5013425750193189,0.505909613343044,0.50401322412279,0.4841316698926242,0.48977042281548816,0.5012675485648053,0.5084119644401438,0.4844288329140913,0.5037645805503947,0.48676786401566974
0.48870111242819547,0.49457965258665204,0.49515430492207074,0.5016239131708332,0.49591287724870253,0.4854771982375366,0.4915935551515453,0.49620732525648154,0.5020735159430877,0.4843162613810735,0.4973381493466897,0.48843841289614665
0.49025575871833793,0.48820367916098617,0.4859326443718845,0.49226310875412,0.4888637629865488,0.4870482816647944,0.4932983336452937,0.48904863903064494,0.4909482532791637,0.4831917286739253,0.49026461557676304,0.4899357502790675
0.49147188815215465,0.4881810139296071,0.4793601892431159,0.4837604967091075,0.4886009270201131,0.48866823849331087,0.49464022854590095,0.48541048915406,0.4818010388941103,0.48144884028086754,0.4885435326233741,0.49113784028915797
0.49219999926953684,0.4951168326705177,0.4790322542106115,0.4813456854367592,0.49617163573923073,0.4900129922498074,0.4953287825016499,0.48853867788326555,0.48001243615377776,0.4798023898645755,0.4942967471162672,0.49180143567347323
0.4922787373005413,0.5045762087928353,0.48428107593676323,0.4860773145358346,0.5070769483435138,0.4908192813989853,0.495373309516797,0.4967341105690462,0.4860157152326818,0.4788850217377554,0.5043080968955991,0.49178374245392703
0.49172648490915594,0.5103179405647116,0.49108247836396657,0.4943402070855201,0.5140239816874763,0.4908875054031485,0.494577343700624,0.5046040051107182,0.4954162965185594,0.47921502377338154,0.5119640334890603,0.49112237490670635
0.4906658467928712,0.5082627780246417,0.4942707969867821,0.5002773085556005,0.5119606511720179,0.49016685988666253,0.49333418875051355,0.5065614996693664,0.5017054136427165,0.48044729013671605,0.5115535272125249,0.4898681842858223
0.4892950260778207,0.4993712591358927,0.4917159777944526,0.4998353863957108,0.5016678798370621,0.48879657890619294,0.4916503768141864,0.5006145899349081,0.5009686368163547,0.48199699306382454,0.5025706868918731,0.48833492050958216
0.487867006155656,0.4891526397523265,0.4856313527054247,0.493665395660159,0.4892038586585342,0.4870200150681999,0.49008868507558473,0.48993460439021586,0.4944609026528632,0.48345297681321875,0.4900403734905464,0.4867863833228579
0.4866923856030531,0.48386626829438995,0.4807715086369118,0.4864448428407871,0.48214721353517936,0.4852616103547416,0.4887987419760842,0.48094891751075164,0.48734807978226846,0.48433354522742267,0.48132761618117204,0.4856405415378269
0.48618012056820525,0.4865504309979533,0.4815724924138721,0.4838111473650216,0.48461348918147773,0.48396661510581046,0.48826784689017244,0.47905754371254317,0.4854442527906921,0.484703001057147,0.4816329062718145,0.4851409011364729
0.48640672315172245,0.4951502921938491,0.4882965711742424,0.4882876176735634,0.49449211935394977,0.48351923821899817,0.48861993756797434,0.48515966288393575,0.4908344990628982,0.4847560948933588,0.49025600392793944,0.48546934376232015
0.4873947017578482,0.5035617690907898,0.4969103424461786,0.4973080588101022,0.5050888408699782,0.48403347745451875,0.48981525596623543,0.49503737968754974,0.5001591074957777,0.48464102524439856,0.5013468802768698,0.4865732464522712
0.4889364121993971,0.5061840935194244,0.5017603957556307,0.5048308080390675,0.5094874749063631,0.48543648989210997,0.4916720023179067,0.5021688223273194,0.506899751526032,0.4846192476100996,0.5078973648780764,0.48818428760802957
0.490805912198108,0.5018048147698264,0.4991658124533157,0.5054293964532445,0.505483595291102,0.48749956714609216,0.4936870113013837,0.5024601942476875,0.5057445794356031,0.4843560346654482,0.5063190572799035,0.4899734736228811
0.49262575145289356,0.4943960489851935,0.4904865888070544,0.4983637676285693,0.4972128061488971,0.4898721469119927,0.4956586301642796,0.49680679710768005,0.4968770298683168,0.48359770037423383,0.49935532057337767,0.491650149775242
0.49410132703402937,0.4904399258542422,0.48131227021704875,0.48834093506244874,0.49191838598319637,0.49207163593992076,0.497034164123191,0.49058546854732255,0.4860626405281634,0.48247725286814747,0.4934526679855654,0.4928782129999541
0.49493000002830023,0.4936599858031723,0.4774164807059,0.48213482128868007,0.4945077490058975,0.49357188121986445,0.49778591270141115,0.48932339562028065,0.4804732824739379,0.48137494031587497,0.4940710238535743,0.4933989589324377
0.4948680914908163,0.5022124348861844,0.4811639930593577,0.48392758045823314,0.5035738267727187,0.49400995017208854,0.4975272843161877,0.4944532896699044,0.48393372798291845,0.4810100115220931,0.501361505850466,0.49310978552585555
0.4940129621370552,0.5099218049148107,0.4894846109044066,0.49221504118802273,0.5122433749219922,0.49325911178590687,0.4964850871184112,0.5021937350927808,0.49393678770973015,0.4817318951763502,0.5097129241684655,0.4920410490773981
0.4925571402493754,0.510751306166191,0.4962919957393107,0.5008944862674722,0.5134259527251392,0.491526183409189,0.4948312885563286,0.5061921463592092,0.5034705151866388,0.483271709521238,0.5120017964558523,0.4905392522980795
0.4908613411516378,0.5034571086214112,0.49723196350995585,0.5039431492079839,0.5052290853131461,0.48917707335580535,0.4930121212691005,0.5024880017298662,0.5062765791062739,0.4851674179491127,0.5053349437451284,0.48884588590075706
0.4893048688804056,0.4926257184232289,0.4923336299399439,0.49964510983696736,0.49267276888392925,0.4868201361825505,0.49147996072571903,0.4927271807529339,0.5010793896838869,0.4866071510357703,0.49327811911813146,0.4875330956712215
0.48837979161048317,0.4853728932678153,0.48634668847754603,0.4919025715551033,0.4843013952746802,0.48512516209355144,0.49061634807505305,0.48320174632315965,0.4926047063458529,0.4870252346727517,0.48384540394488396,0.4867614896957775
0.48833569613383,0.48654535564164486,0.4846102863032162,0.4871789369743653,0.4858961643619476,0.4846616975501319,0.49075876072621666,0.48046711662069624,0.4878558568729202,0.48649050820167744,0.48363570406718703,0.4869960492816509
0.48931533452423626,0.4949604292332106,0.48872007745780427,0.4894032001577244,0.4963548443773586,0.48560933003227996,0.49188086527172853,0.48651541821096983,0.490511162208107,0.48531029128741615,0.49287851421545514,0.48807399245464594
0.4911068699821725,0.5043634208025372,0.49549625488006943,0.4968929048627657,0.5083476359771084,0.4877105567744884,0.49393735136138345,0.4971859152436568,0.4981944629213053,0.48425848064648663,0.5054537945054844,0.48982210410635174
0.49323552128079096,0.5082358904744779,0.4990890181769598,0.5034959953243963,0.5136203301949158,0.49042199189109487,0.496171208025446,0.5052667988997409,0.504201232389164,0.4836819500624489,0.5129335114950316,0.49163958985529976
0.49516172210796305,0.5045626791656106,0.49585035319327464,0.5034785544427118,0.5093534762561418,0.4930928565011877,0.49815602601943204,0.5057626805937572,0.5029775523674028,0.48343494732133374,0.5110808741870589,0.4932288994383993
0.49648949581714386,0.4976011554375177,0.48759919229649795,0.4963752680179201,0.5001503918865075,0.4950654127085895,0.49932573319503276,0.49960494418358975,0.4949417773143571,0.48337765136558186,0.5028299668028668,0.49417073155127156
0.49691839811976596,0.4939484088793033,0.4802656793479451,0.48745873899400344,0.49420399562640194,0.4957878406062244,0.4996052679373847,0.4926937623587538,0.4861383249776634,0.4833954593895772,0.49561114984933957,0.4942472744081968
0.4962853357710934,0.4970144272393673,0.4796732849869481,0.4837949818048303,0.49653230063943704,0.4950704920075116,0.4987728850009896,0.490857926766179,0.4838478898304424,0.48368079274252895,0.49540407299468353,0.49350412438014596
0.49490543382610547,0.5039040725731082,0.4864289073672088,0.48839415351215576,0.5043691688984017,0.4931981458094079,0.4972550609592283,0.49499843060198156,0.4903161904974698,0.4844685249016133,0.5014417753596432,0.49214576384126646
0.49353567880686877,0.5083931024015775,0.4953560102673724,0.4975451653359387,0.5103059594112579,0.4911668907271708,0.4958242939801938,0.5005233618660574,0.5006942922713896,0.4856616386987981,0.5073361507697391,0.49103246852868915
0.4925601243609573,0.5063407670375183,0.500408672017452,0.5045284070161762,0.5089848449607213,0.4894908566106589,0.4948456053892813,0.5020275445970855,0.5076309047878648,0.4870699974470078,0.5073823418819675,0.49030228639149803
0.49246783421330476,0.4991479735310021,0.49892249108814324,0.5048598621958337,0.5013719489860982,0.488884832286502,0.4949074708679974,0.4978748607666214,0.5068288258237857,0.48828783184323865,0.5012130551461546,0.4905240010198888
0.4933083033961823,0.4924368683676809,0.49352711666467763,0.4996058244668957,0.4938765600887524,0.4895165805272542,0.49588450070451096,0.49155228551249824,0.5002041172725692,0.4889003440123971,0.4940558340238262,0.49146414523575355
0.4949386793105093,0.4915431294850001,0.4893713639754476,0.49394674740458144,0.49280630495911215,0.49134197271241686,0.4976876867956694,0.4884690020041206,0.4938197627933005,0.48885099551425704,0.49221361483233983,0.49316236039890937
0.49701299105595564,0.49728450656615186,0.48971468517931116,0.4926818300688756,0.4994067090126964,0.49384589558063846,0.4998317323196119,0.4916310471739113,0.49268415441762975,0.48831163736494354,0.49773810783531325,0.4950705933468617
0.4990196409136794,0.5054541792302366,0.4937486719558901,0.49646693953001997,0.5089494817334127,0.49634984628387224,0.5019341251385758,0.4990947614198404,0.49700309938535775,0.4877598006738418,0.5070394974553177,0.49685865810323876
0.5005628695160165,0.5104418310682378,0.4975776672489485,0.501683439179188,0.5146781914461916,0.4983184972499377,0.5034410399452152,0.5056979322801624,0.5025518052332433,0.487559438933258,0.5136793491651704,0.4981105332372921
0.5013357259353378,0.5096509844886161,0.497895058028978,0.5039021329135465,0.5133527877704129,0.4993474919580756,0.5041650718169559,0.5072916900835814,0.5046523140403202,0.4877754057435562,0.5136792253700825,0.49868197233797773
0.5014383025320305,0.5051251670882823,0.494784648628528,0.5017007809394475,0.5073418764908113,0.499474742196288,0.5041447890607526,0.5037585184912436,0.5021828864646103,0.48828906014059564,0.508304777727554,0.49866616792915197
0.500944542717956,0.5011760233710317,0.491269066392098,0.4974740683028343,0.5020243289503536,0.4987765355406707,0.5035700335804273,0.498669085187097,0.49797033585749056,0.48888659465907414,0.502437294083891,0.4981733424785149
0.5002538780005343,0.5007080371436404,0.49052629343867094,0.49508238393343124,0.5011962036836608,0.49776026274884677,0.5028207683985824,0.4959770683944141,0.49603578909034035,0.48942220451561386,0.5003318352423406,0.4976038340457193
0.4996167822441703,0.503200502940626,0.4932340115189761,0.4964850173832272,0.5043781599687065,0.4967670354807874,0.502178675413514,0.4969749965565982,0.49808173932177835,0.4898755308003542,0.5025108374824468,0.4971041954012806
0.4993465262334692,0.5058433113266122,0.49720661107907455,0.5003689228958959,0.5080653066656297,0.49624425234004044,0.5019411553576333,0.49983401051189197,0.5023376202691333,0.4902619512600383,0.5060807443476663,0.49700557779802523
0.49946878036023834,0.5062602486621084,0.49960093999475585,0.5036543183539656,0.5091534631799186,0.4962447001617821,0.5021116823278623,0.5017601719314894,0.5054642197958922,0.4905906236639094,0.5078170342012489,0.49721416275432595
0.4999833037014318,0.5044841783616404,0.49915683977366115,0.5041920041010785,0.507370937005093,0.49678200901947683,0.5027009483770555,0.5014354851361843,0.5054490645108157,0.4908083856204158,0.5068243318525404,0.4977842570170358
0.5006904154946381,0.5024885252959348,0.49695715794447404,0.5023313498844942,0.5049914070874258,0.49760841778167003,0.5034496195794269,0.4998416178193961,0.5030289829776876,0.4908420951114975,0.504795097500614,0.49844043935128773
0.5014041211712501,0.5021437407413972,0.49509962567047594,0.5001411461541864,0.5043550365557701,0.49849524529926376,0.5041979122246528,0.4988555649320268,0.5006009516490486,0.4907224522668005,0.5039950948368686,0.4990983860163296
0.5019508102729918,0.5035826507372514,0.494807218042787,0.4993583714361554,0.5058193637778542,0.49919266088782255,0.5047354007377755,0.4994312560309107,0.4999281974397534,0.4905560301587856,0.5051066264744988,0.49955562185069025
0.5022532166508532,0.5054237768991299,0.49569902140427285,0.5000666564471475,0.5078594116171771,0.4995861315905406,0.5050319579491225,0.5009092189237042,0.5008788682307347,0.4904682317141004,0.5069772618559173,0.4998071825961703
0.5023440613012506,0.5063297586065502,0.4965998741700441,0.5011287644554518,0.5088716783538003,0.49969974191537025,0.5050986071848148,0.5020016764097578,0.5021004521545797,0.49049787554020846,0.508066687939893,0.49986239654813686
0.5023062365505082,0.5061746668707664,0.4968468691758913,0.5015914382359153,0.5086588426111089,0.4996435766297787,0.5050501063490123,0.5021459889456058,0.5025917374715464,0.4905910556595525,0.5079924850921465,0.4998217888397857
0.5022562410146619,0.5057906784830006,0.49671094696608287,0.5015193561378166,0.5081871802747148,0.49957134387406166,0.5049924180375119,0.5018565150789717,0.5025019861578641,0.49065964505110743,0.5075634163241683,0.49977790673199585
